show_id,type,title,director,cast,country,date_added,release_year,rating,duration,listed_in,description,content_age,added_year
s3,TV Show,Ganglands,Julien Leclercq,"Sami Bouajila, Tracy Gotoas, Samuel Jouy, Nabiha Akkari, Sofia Lesaffre, Salim Kechiouche, Noureddine Farihi, Geert Van Rampelberg, Bakary Diombera",,2021-09-24,2021,TV-MA,1 Season,"Crime TV Shows, International TV Shows, TV Action & Adventure","To protect his family from a powerful drug lord, skilled thief Mehdi and his expert team of robbers are pulled into a violent and deadly turf war.",4,2021
s6,TV Show,Midnight Mass,Mike Flanagan,"Kate Siegel, Zach Gilford, Hamish Linklater, Henry Thomas, Kristin Lehman, Samantha Sloyan, Igby Rigney, Rahul Kohli, Annarah Cymone, Annabeth Gish, Alex Essoe, Rahul Abburi, Matt Biedel, Michael Trucco, Crystal Balint, Louis Oliver",,2021-09-24,2021,TV-MA,1 Season,"TV Dramas, TV Horror, TV Mysteries","The arrival of a charismatic young priest brings glorious miracles, ominous mysteries and renewed religious fervor to a dying town desperate to believe.",4,2021
s9,TV Show,The Great British Baking Show,Andy Devonshire,"Mel Giedroyc, Sue Perkins, Mary Berry, Paul Hollywood",United Kingdom,2021-09-24,2021,TV-14,9 Seasons,"British TV Shows, Reality TV","A talented batch of amateur bakers face off in a 10-week competition, whipping up their best dishes in the hopes of being named the U.K.'s best.",4,2021
s12,TV Show,Bangkok Breaking,Kongkiat Komesiri,"Sukollawat Kanarot, Sushar Manaying, Pavarit Mongkolpisit, Sahajak Boonthanakit, Suthipongse Thatphithakkul, Bhasaworn Bawronkirati, Daweerit Chullasapya, Waratthaya Wongchayaporn, Kittiphoom Wongpentak, Abhicha Thanachanun, Nophand Boonyai, Kittipong Khamsat, Arisara Wongchalee, Jaytiya Naiwattanakul, Pantipa Arunwattanachai, Panupan Jantanawong, Kungtap Saelim, Phumphat Chartsuriyakiat, Issara Veranitinunt, Keerati Sivakuae, Panjai Sirisuwan, Supranee Charoenpol, Suda Chuenban, Visaka Banhansupavat, Pitchatorn Santinatornkul",,2021-09-23,2021,TV-MA,1 Season,"Crime TV Shows, International TV Shows, TV Action & Adventure","Struggling to earn a living in Bangkok, a man joins an emergency rescue service and realizes he must unravel a citywide conspiracy.",4,2021
s21,TV Show,Monsters Inside: The 24 Faces of Billy Milligan,Olivier Megaton,,,2021-09-22,2021,TV-14,1 Season,"Crime TV Shows, Docuseries, International TV Shows","In the late 1970s, an accused serial rapist claims multiple personalities control his behavior, setting off a legal odyssey that captivates America.",4,2021
s48,TV Show,The Smart Money Woman,Bunmi Ajakaiye,"Osas Ighodaro, Ini Dima-Okojie, Kemi Lala Akindoju, Toni Tones, Ebenezer Eno, Eso Okolocha DIke, Patrick Diabuah, Karibi Fubara, Temisan Emmanuel, Timini Egbuson",,2021-09-16,2020,TV-MA,1 Season,"International TV Shows, Romantic TV Shows, TV Comedies","Five glamorous millennials strive for success as they juggle careers, finances, love and friendships. Based on Arese Ugwu's 2016 best-selling novel.",5,2021
s103,TV Show,Countdown: Inspiration4 Mission to Space,Jason Hehir,,,2021-09-06,2021,TV-14,1 Season,"Docuseries, Science & Nature TV","From training to launch to landing, this all-access docuseries rides along with the Inspiration4 crew on the first all-civilian orbital space mission.",4,2021
s111,TV Show,Money Heist: From Tokyo to Berlin,"Luis Alfaro, Javier Gómez Santander",,,2021-09-03,2021,TV-MA,1 Season,"Docuseries, International TV Shows, Spanish-Language TV Shows","The filmmakers and actors behind ""Money Heist"" characters like Tokyo and the Professor talk about the emotional artistic process of filming the series.",4,2021
s149,TV Show,HQ Barbers,Gerhard Mostert,"Hakeem Kae-Kazim, Chioma Omeruah, Orukotan Adejola, Flora Chiedo, Emeka Nwagbaraocha, Anthony Oseyemi, Oluwabukola Thomas, Soibifaa Dokubo",,2021-09-01,2020,TV-14,1 Season,TV Shows,"When a family run barber shop in the heart of Lagos is threatened by real estate developers, they'll do whatever it takes to stay in business.",5,2021
s199,TV Show,King of Boys: The Return of the King,Kemi Adetiba,"Sola Sobowale, Toni Tones, Richard Mofe-Damijo, Efa Iwara, Titi Kuti, Tobechukwu ""iLLbliss"" Ejiofor, Remilekun ""Reminisce"" Safaru, Charles  ""Charly Boy"" Oputa, Nse Ikpe-Etim, Keppy Ekpenyong Bassey, Bimbo Manuel, Akin Lewis, Lord Frank, Osas Ighodaro, Taiwo Ajai-Lycett, Paul Sambo",Nigeria,2021-08-27,2021,TV-MA,1 Season,"Crime TV Shows, International TV Shows, TV Dramas","Alhaja Eniola Salami starts anew and sets her sights on a different position of power, fueled by revenge, regret and ruthlessness.",4,2021
s223,TV Show,Clickbait,Brad Anderson,"Zoe Kazan, Betty Gabriel, Adrian Grenier, Phoenix Raei, Abraham Lim, Jessica Collins, Camaron Engels, Jaylin Fletcher, Liz Alexander, Joyce Guy, Daniel Henshall, Ian Meadows, Jamie Timony, Steve Mouzakis, Becca Lish",,2021-08-25,2021,TV-MA,1 Season,"Crime TV Shows, TV Dramas, TV Mysteries","When family man Nick Brewer is abducted in a crime with a sinister online twist, those closest to him race to uncover who is behind it and why.",4,2021
s224,TV Show,John of God: The Crimes of a Spiritual Healer,"Mauricio Dias, Tatiana Villela",,,2021-08-25,2021,TV-MA,1 Season,"Crime TV Shows, Docuseries, International TV Shows","Idolized medium João Teixeira de Faria rises to international fame before horrifying abuse is revealed by survivors, prosecutors and the press.",4,2021
s274,TV Show,Gone for Good,Juan Carlos Medina,"Finnegan Oldfield, Nicolas Duvauchelle, Guillaume Gouix, Garance Marillier, Nailia Harzoune",France,2021-08-13,2021,TV-MA,1 Season,"Crime TV Shows, International TV Shows, TV Dramas","Ten years after losing two loved ones, a man is plunged into another dizzying mystery when his girlfriend vanishes. Based on a Harlan Coben novel.",4,2021
s277,TV Show,Valeria,Inma Torrente,"Diana Gómez, Silma López, Paula Malia, Teresa Riott, Maxi Iglesias, Ibrahim Al Shami",Spain,2021-08-13,2021,TV-MA,2 Seasons,"International TV Shows, Romantic TV Shows, Spanish-Language TV Shows","A writer in creative and marital crises finds support from three friends, who are also discovering themselves. Based on the novels by Elísabet Benavent.",4,2021
s288,TV Show,I Need Romance,Sakon Tiacharoen,"Khemanit Jamikorn, Thitipoom Techaapaikhun, Kannaporn Puangthong, Premmanat Suwannanon, Mintita Wattanakul, Thames Sanpakit, Katareeya Theapchatri, Phanuroj Chalermkijporntavee, Jirapisit Jaravijit",,2021-08-10,2021,TV-14,1 Season,"International TV Shows, Romantic TV Shows, TV Comedies","A workaholic who lost interest in romance reunites with an old flame and gifted music composer, who's determined to restore her belief in love.",4,2021
s298,TV Show,Navarasa,"Bejoy Nambiar, Priyadarshan, Karthik Narain, Vasanth Sai, Karthik Subbaraj, Arvind Swamy, Rathindran R Prasad, Sarjun, Gautham Vasudev Menon","Suriya, Vijay Sethupathi, Revathy, Prakash Raj, Siddarth, Parvathy, Delhi Ganesh, Gautham Vasudev Menon, Anjali, Yogi Babu, Aditi Balan, Remya Nambeesan, Poorna, Prayaga Martin, Rythvika Suriya, Arvind Swamy, Prasanna, Atharva, Bobby Simha, Ashok Selvan, Nedumudi Venu, Kishore",India,2021-08-06,2021,TV-MA,1 Season,TV Shows,"From amusement to awe, the nine human emotions of Indian aesthetic theory are explored in this anthology series.",4,2021
s311,TV Show,Cocaine Cowboys: The Kings of Miami,Billy Corben,,United States,2021-08-04,2021,TV-MA,1 Season,"Crime TV Shows, Docuseries",Two childhood friends go from high school dropouts to the most powerful drug kingpins in Miami in this true story of a crime saga that spanned decades.,4,2021
s317,TV Show,Office Girls,Hsu Fu-chun,"Roy Chiu, Alice Ko, Tia Lee, Patrick Lee, Kuo Shu-yao, James Wen, Janel Tsai",Taiwan,2021-08-03,2011,TV-14,1 Season,"International TV Shows, Romantic TV Shows, TV Comedies","A department store mogul has his son work incognito in a menial job to prove his worthiness, while female co-workers teach him how normal people live.",14,2021
s381,TV Show,The Flash,Glen Winter,"Grant Gustin, Candice Patton, Danielle Panabaker, Carlos Valdes, Tom Cavanagh, Jesse L. Martin, Neil Sandilands, Britne Oldford, Danielle Nicolet, Keiynan Lonsdale, Kim Engelbrecht",United States,2021-07-28,2021,TV-14,7 Seasons,"Crime TV Shows, TV Action & Adventure, TV Sci-Fi & Fantasy",A forensics expert who wakes from a coma with amazing new powers squares off against forces threatening the city in this live-action superhero romp.,4,2021
s389,TV Show,Plastic Cup Boyz: Laughing My Mask Off!,"Royale Watkins, Rich Schlansker","Joey Wells, Will 'Spank' Horton, Na'im Lynn",,2021-07-27,2021,TV-MA,1 Season,"Stand-Up Comedy & Talk Shows, TV Comedies",Comedy collective The Plastic Cup Boyz pour out the punchlines in Atlanta during a trio of raw and lively stand-up specials.,4,2021
s445,TV Show,Naomi Osaka,Garrett Bradley,,,2021-07-16,2021,TV-14,1 Season,Docuseries,This intimate series follows Naomi Osaka as she explores her cultural roots and navigates her multifaceted identity as a tennis champ and rising leader.,4,2021
s504,TV Show,The Mire,Jan Holoubek,"Andrzej Seweryn, Dawid Ogrodnik, Zofia Wichłacz, Magdalena Walach, Piotr Fronczewski, Agnieszka Żulewska, Ireneusz Czop, Zbigniew Waleryś, Jacek Beler, Nel Kaczmarek",Poland,2021-07-07,2021,TV-MA,2 Seasons,"Crime TV Shows, International TV Shows, TV Dramas","In an early-'80s Polish town, a prostitute and a youth leader are found killed, but the police's handling of the case makes two journalists suspicious.",4,2021
s578,TV Show,Masameer County,Malik Nejer,"Malik Nejer, Abdulaziz Alshehri, Mazroa Almazroa, Lama Alfard, Yousef Aldakheel, Ibraheem Hajjaj, Nawaf Alshubaili, Sohayb Godus, Shahad Alahmari",,2021-07-01,2021,TV-MA,1 Season,"International TV Shows, TV Comedies","A humorous view on a changing Saudi, this season includes stories about a global media war, a long-standing tribal feud and a health craze gone too far.",4,2021
s588,TV Show,Quarantine Tales,"Sidharta Tata, Aco Tenriyagelli, Dian Sastrowardoyo, Ifa Isfansyah, Jason Iskandar","Adinia Wirasti, Marissa Anita, Faradina Mufti, Teuku Rifnu Wikana, Arawinda Kirana, Abdurrahman Arif, Verdi Solaiman, Kiki Narendra, Brigitta Cynthia, Roy Sungkono, Windy Apsari",,2021-07-01,2020,TV-MA,1 Season,"International TV Shows, TV Comedies, TV Dramas","Traversing genres, five separate stories offer unique, whimsical and thought-provoking takes on life during the pandemic in 2020.",5,2021
s622,TV Show,Legend of Exorcism,Shen Leping,"Bian Jiang, Chen Jinwen, Ling Fei",,2021-06-30,2020,TV-14,1 Season,"Anime Series, Crime TV Shows, International TV Shows","After leaving Yaojin Palace, Kong Hongjun arrives in Chang'an to battle demons and forms a bond with exorcism squad chief Li Jinglong.",5,2021
s627,TV Show,Sophie: A Murder in West Cork,John Dower,,,2021-06-30,2021,TV-MA,1 Season,"British TV Shows, Crime TV Shows, Docuseries",A shocking murder in rural Ireland sets off an increasingly convoluted quest for justice that spans decades and cuts across national borders.,4,2021
s638,TV Show,Ray,"Srijit Mukherji, Vasan Bala, Abhishek Chaubey","Manoj Bajpayee, Gajraj Rao, Kay Kay Menon, Ali Fazal, Harshvardhan Kapoor, Radhika Madan, Shweta Basu Prasad, Chandan Roy Sanyal, Akansha Ranjan Kapoor, Rajesh Sharma, Bidita Bag, Kharaj Mukherjee, Dibyendu Bhattacharya, Shruthy Menon, Anindita Bose, Neeraj Purohit, Loveleen Mishra, Raghuvir Yadav, Manoj Pahwa",,2021-06-25,2021,TV-MA,1 Season,"International TV Shows, TV Dramas, TV Mysteries","From a satire to a psychological thriller, four short stories from celebrated auteur and writer Satyajit Ray are adapted for the screen in this series.",4,2021
s665,TV Show,Cleo & Cuquin,Fernando Moro,,Spain,2021-06-19,2020,TV-Y,2 Seasons,Kids' TV,Spirited sister-brother duo Cleo and Cuquín try on different professions each day to help their other siblings solve problems and enjoy new adventures.,5,2021
s667,TV Show,Gameboys Level-Up Edition,Ivan Andrew Payawal,"Kokoy De Santos, Elijah Canlas, Adrianna So, Kyle Velino, Jerom Canlas, Sue Prado, Rommel Canlas, Miggy Jimenez, Angeli Nicole Sanoy, Kych Minemoto",,2021-06-19,2020,TV-14,1 Season,"International TV Shows, Romantic TV Shows, TV Comedies","In this recut of the popular web series, live-stream gamer Cairo calls for a rematch after losing to newcomer Gavreel — and an online romance blooms.",5,2021
s677,TV Show,Riverdale,Rob Seidenglanz,"K.J. Apa, Lili Reinhart, Camila Mendes, Cole Sprouse, Marisol Nichols, Madelaine Petsch, Ashleigh Murray, Mädchen Amick, Luke Perry, Casey Cott, Charles Melton, Mark Consuelos, Lochlyn Munro, Peter Bryant, Colin Lawrence, Molly Ringwald, Asha Bromfield, Barclay Hope, Hayley Law, Martin Cummins, Sarah Habel, Nathalie Boltt, Skeet Ulrich",United States,2021-06-19,2019,TV-14,4 Seasons,"Crime TV Shows, TV Dramas, TV Mysteries","While navigating the troubled waters of sex, romance, school and family, teen Archie and his gang become entangled in a dark Riverdale mystery.",6,2021
s682,TV Show,They've Gotta Have Us,Simon Frederick,"Debbie Allen, Harry Belafonte, John Boyega, Diahann Carroll, Ernest R. Dickerson, Laurence Fishburne, Nelson George, Whoopi Goldberg, Cuba Gooding Jr., LilRel Howery, Barry Jenkins, Kasi Lemmons, David Oyelowo, Robert Townsend, Jesse Williams",United Kingdom,2021-06-19,2018,TV-MA,1 Season,"British TV Shows, Docuseries","Powered by candid recollections from esteemed African-American entertainers, this docuseries traces the history of black cinema.",7,2021
s693,TV Show,The Rational Life,Hsu Fu-chun,"Qin Lan, Dylan Wang, Li Zonghan, Bao Wenjing, Pan Hong, Chen Pengwanli, Lin Xinyi, Kang Kang, Wei Yibo, He Bin",,2021-06-18,2021,TV-14,1 Season,"International TV Shows, Romantic TV Shows, TV Dramas","A career-driven 30-something must contend with a cutthroat workplace, a love triangle and her nagging mom.",4,2021
s708,TV Show,Let's Eat,Sarawut Wichiensarn,"Apinya Sakuljaroensuk, Mawin Taweephol, Nat Sakdatorn, Maneerat Kham-uan, Jaturong Mokjok, Pisamai Wilaisak, Rudklao Amratisha, Chatchaya Suthisuwan, Panapong Khaisang, May Haas",,2021-06-16,2021,TV-14,1 Season,"International TV Shows, Romantic TV Shows, TV Comedies",A food-blogging insurance agent encounters a friend from elementary school with a vendetta against him — but soon becomes her sidekick.,4,2021
s724,TV Show,The American Bible Challenge,Michael Simon,Jeff Foxworthy,United States,2021-06-15,2014,TV-G,1 Season,Reality TV,"Join host Jeff Foxworthy as contestants test their knowledge of all things biblical, competing to win money for the charities of their choice.",11,2021
s727,TV Show,Metallica: Some Kind of Monster,"Joe Berlinger, Bruce Sinofsky","James Hetfield, Lars Ulrich, Kirk Hammett, Robert Trujillo",United States,2021-06-13,2014,TV-MA,1 Season,TV Shows,"This collection includes the acclaimed rock documentary about Metallica, plus a film checking in with the still-thriving group 10 years later.",11,2021
s738,TV Show,Trese,Jay Oliva,"Shay Mitchell, Liza Soberano, Jon Jon Briones, Darren Criss, Manny Jacinto, Dante Basco, Nicole Scherzinger, Lou Diamond Phillips, Steve Blum","Philippines, Singapore, Indonesia",2021-06-11,2021,TV-MA,1 Season,"Anime Series, Crime TV Shows, TV Horror","In Manila, where dark supernatural forces pervade the criminal underworld, it’s up to Alexandra Trese to keep the peace — but there’s a storm brewing.",4,2021
s759,TV Show,Feel Good,Ally Pankiw,"Mae Martin, Charlotte Ritchie, Lisa Kudrow, Sophie Thompson, Tom Andrews, Tobi Bamtefa, Phil Burgers, Ophelia Lovibond, Adrian Lukis, Ritu Arya, Ramon Tikaram",United Kingdom,2021-06-04,2021,TV-MA,2 Seasons,"Romantic TV Shows, TV Comedies, TV Dramas","Stand-up comic Mae Martin navigates a passionate, messy new relationship with her girlfriend, George, while dealing with the challenges of sobriety.",4,2021
s772,TV Show,Pretty Guardian Sailor Moon Eternal The Movie,Chiaki Kon,"Kotono Mitsuishi, Hisako Kanemoto, Rina Satou, Ami Koshimizu, Shizuka Ito, Misato Fukuen, Kenji Nojima, Junko Minagawa, Sayaka Ohara, Ai Maeda, Yukiyo Fujii, Ryo Hirohashi, Taishi Murata, Yoshitsugu Matsuoka, Shoko Nakagawa, Naomi Watanabe, Nanao",,2021-06-03,2021,TV-14,1 Season,TV Shows,"When a dark power enshrouds the Earth after a total solar eclipse, the scattered Sailor Guardians must reunite to bring light back into the world.",4,2021
s804,TV Show,Ouran High School Host Club,Takuya Igarashi,"Maaya Sakamoto, Mamoru Miyano, Masaya Matsukaze, Kenichi Suzumura, Keisuke Oda, Ayaka Saito, Daisuke Kirii",Japan,2021-06-02,2006,TV-PG,1 Season,"Anime Series, Romantic TV Shows, Teen TV Shows","New student Haruhi stumbles on the Ouran High School Host Club, an all-male group that makes money by entertaining the girls of the school.",19,2021
s832,TV Show,The Least Expected Day: Inside the Movistar Team 2019,"José Larraza, Marc Pons",,,2021-05-28,2021,TV-MA,2 Seasons,"Docuseries, International TV Shows, Spanish-Language TV Shows","Pro cycling’s Movistar Team sets their sights on victory while on the road as they face challenges, controversy and internal conflict.",4,2021
s833,TV Show,Word of Honor,Gary Sing,"Zhang Zhehan, Gong Jun, Zhou Ye, Asher Ma, Sun Xilun, Chen Zihan, Rolling Wang, Zhang Yonggang, Li Daikun, Huang Youming, Damon Guo",,2021-05-28,2021,TV-14,1 Season,"International TV Shows, TV Action & Adventure, TV Dramas","A disillusioned royal magistrate sets out for the martial arts world, where he encounters a bosom friend and becomes entangled in a conspiracy.",4,2021
s880,TV Show,Halston,Daniel Minahan,"Ewan McGregor, Bill Pullman, Rebecca Dayan, David Pittu, Krysta Rodriguez, Rory Culkin, Vera Farmiga, Gian Franco Rodriguez, Sullivan Jones, Kelly Bishop, Dilone, James Waterston, Jason Kravits, Mary Beth Peil",United States,2021-05-14,2021,TV-MA,1 Season,TV Dramas,His name built an empire. His style defined an era. American fashion designer Halston skyrockets to fame before his life starts to spin out of control.,4,2021
s887,TV Show,The Mystic River,Uzodinma Okpechi,"Jide Kosoko, Dele Odule, Lota Chukwu, Ben Touitou, Ayo Ewebiyi, Joke Muyiwa, Jude Chukwuka, Tonia Chukwurah, Folarin Agunbiade, Debby Felix, Bunmi Shogade",,2021-05-14,2020,TV-14,1 Season,"International TV Shows, TV Horror, TV Sci-Fi & Fantasy","As pregnant women vanish in a remote Nigerian village over decades, a doctor with child finds herself extremely close to uncovering dangerous secrets.",5,2021
s898,TV Show,Use For My Talent,Cai Cong,"Shen Yue, Jasper Liu, Dai Yunfan, Yan An, Su Mengdi, Huang Sirui, Charles Lin, Tan Quan, Xiao Ran",,2021-05-12,2021,TV-14,1 Season,"International TV Shows, Romantic TV Shows, TV Comedies","When the germophobic owner of a cleaning company encounters a slovenly employee, a romance blossoms as they help one another heal from their pasts.",4,2021
s912,TV Show,Sab Jholmaal Hai,Vijay Roche,,India,2021-05-07,2017,TV-Y7,2 Seasons,"Kids' TV, TV Comedies","In this madcap comedy, two mischievous cats, a talking parrot and a high-strung dog keep getting into trouble while their human is away.",8,2021
s920,TV Show,The Sons of Sam: A Descent into Darkness,Joshua Zeman,,United States,2021-05-05,2021,TV-MA,1 Season,"Crime TV Shows, Docuseries","The Son of Sam case grew into a lifelong obsession for journalist Maury Terry, who became convinced that the murders were linked to a satanic cult.",4,2021
s961,TV Show,The Innocent,Oriol Paulo,"Mario Casas, Alexandra Jiménez, Aura Garrido, José Coronado, Juana Acosta, Susi Sánchez, Ana Wagener, Gonzalo de Castro, Martina Gusmán, Xavi Sáez, Miki Esparbé, Anna Alarcón",,2021-04-30,2021,TV-MA,1 Season,"Crime TV Shows, International TV Shows, Spanish-Language TV Shows","An accidental killing leads a man down a dark hole of intrigue and murder. Just as he finds love and freedom, one phone call brings back the nightmare.",4,2021
s989,TV Show,Let's Fight Ghost,Kongkiat Khomsiri,"Suppapong Udomkaewkanjana, Patchanan Jiajirachote, Thongpoom Siripipat, Apiwit Reardon, Kornrawich Sungkitbool, Waratthaya Wongchayaporn, Wannasak Sirilar",Thailand,2021-04-23,2021,TV-14,1 Season,"International TV Shows, Romantic TV Shows, TV Comedies","A med student with a supernatural gift tries to cash in on his abilities by facing off against ghosts, till a wandering spirit brings romance instead.",4,2021
s1043,TV Show,Garth Brooks: The Road I’m On,Glenn Weiss,Garth Brooks,United States,2021-04-15,2019,TV-PG,1 Season,Docuseries,"Revealing interviews and archive footage tell the story of Garth Brooks' humble beginnings, rise to fame and unprecedented impact on country music.",6,2021
s1068,TV Show,The Underclass,Pass Patthanakumjon,"Nannaphas Loetnamchoetsakun, Praewa Suthamphong, Sumitra Duangkaew, Tanutchai Wijitvongtong, Tarisa Preechatangkit, Natticha Chantaravareelekha, Miori Ohkubo, Pakwan Noijaiboon, Napaphat Worraphuttanon, Vathusiri Phuwapunyasiri, Rinrada Inthaisong, Suchaya Saenkhot, Mananya Kaoju, Kandis Wanarun, Ekapol Deebunmee, Panta Pattanaampaiwong, Rachaya Tupkunanon, Supasawad Buranawech, Thitirat Rojsangrat, Sawanee Utoomma, Phattharanarin Mueanarit, Chanyapuk Numprasop",Thailand,2021-04-14,2020,TV-MA,1 Season,"International TV Shows, TV Dramas, Teen TV Shows","After getting dropped from an elite program, a student gets tangled in the affairs of a high school gang while trying to find her own identity.",5,2021
s1076,TV Show,My Love: Six Stories of True Love,"Moyoung Jin, Caroline Sá, Deepti Kakkar, Fahad Mustafa, Hikaru Toda, Chico Pereira, Elaine McMillion Sheldon",,"United States, Brazil, Japan, Spain, India",2021-04-13,2021,TV-PG,1 Season,Docuseries,Six longtime couples in different parts of the world share their decades-long love in these tender portraits filmed over the course of one year.,4,2021
s1147,TV Show,Haunted: Latin America,Adrián García Bogliano,,"United States, Mexico",2021-03-31,2021,TV-14,1 Season,"International TV Shows, Reality TV, Spanish-Language TV Shows","Real people's terrifying tales of the chilling, unexplained and paranormal come to life with dramatic reenactments in this reality series.",4,2021
s1174,TV Show,Men on a Mission,Jung-ah Im,"Ho-dong Kang, Soo-geun Lee, Sang-min Lee, Young-chul Kim, Jang-hoon Seo, Hee-chul Kim, Kyung-hoon Min",South Korea,2021-03-23,2021,TV-14,6 Seasons,"International TV Shows, Korean TV Shows, Stand-Up Comedy & Talk Shows","Male celebs play make-believe as high schoolers, welcoming star transfer students every week and engaging in battles of witty humor and slapstick.",4,2021
s1197,TV Show,Under Suspicion: Uncovering the Wesphael Case,Alain Brunard,,Belgium,2021-03-17,2021,TV-14,1 Season,"Crime TV Shows, Docuseries, International TV Shows","This docuseries follows the high-profile case of Belgian politician Bernard Wesphael, who was accused of murdering his wife in 2013.",4,2021
s1224,TV Show,Dealer,"Ange Basterga, Nicolas Lopez","Abdramane Diakité, Mohamed Boudouh, Sébastien Houbani, Idir Azougli, Julien Meurice, Abdillah Assoumani, Jean-Toussaint Bernard, Romain Vissol",France,2021-03-10,2021,TV-MA,1 Season,"Crime TV Shows, International TV Shows, TV Action & Adventure",Tensions erupt when two filmmakers infiltrate an area ruled by gangs to shoot a music video for a rapper in this gritty found-footage series.,4,2021
s1235,TV Show,Nevenka: Breaking the Silence,Maribel Sánchez-Maroto,,Spain,2021-03-05,2021,TV-MA,1 Season,"Docuseries, International TV Shows, Spanish-Language TV Shows","Nevenka Fernández, the plaintiff in Spain's first successful lawsuit against a politician for sexual harassment, breaks her silence after 20 years.",4,2021
s1243,TV Show,Murder Among the Mormons,"Jared Hess, Tyler Measom",,United States,2021-03-03,2021,TV-14,1 Season,"Crime TV Shows, Docuseries",High-stakes exploits turn deadly — and shake a global church to its core — in this extraordinary true crime story.,4,2021
s1247,TV Show,A Perfect Day For Arsenide,Sunny Lau,"Wilfred Lau, Hanna Chan, Terence Siufay, Chloe So, Martin Wong, Aaron Chow, So Wai Chuen, Aiden Hung, Sarika Choy",,2021-03-01,2019,TV-MA,1 Season,"Classic & Cult TV, Crime TV Shows, International TV Shows","An eclectic group of people encounters zany situations in this anthology of surreal, offbeat tales from Hong Kong. Based on Mr. Pizza's hit novel.",6,2021
s1294,TV Show,Pitta Kathalu,"Tharun Bhascker Dhaassyam, B. V. Nandini Reddy, Nag Ashwin, Sankalp Reddy","Manchu Lakshmi, Saanve Megghana, Naveen Kumar, Jagapathi Babu, Amala Paul, Aswin Kakamanu, Shruthi Haasan, Sanjith Hegde, Sangeeth Shoban, Anish Kuruvilla, Uko, Dayanand Reddy, Thanmayi, Satya Dev, Eesha Rebba, Srinivas Avasarala, Ashima Narwal",India,2021-02-19,2021,TV-MA,1 Season,"International TV Shows, TV Dramas","From secrets and lies to jealousy and control, four stories in this anthology film explore the darker, deceptive sides of love.",4,2021
s1329,TV Show,Crime Scene: The Vanishing at the Cecil Hotel,Joe Berlinger,,United States,2021-02-10,2021,TV-MA,1 Season,"Crime TV Shows, Docuseries","The notorious Cecil Hotel grows in infamy when guest Elisa Lam vanishes. From the creator of ""The Ted Bundy Tapes,"" a dive into crime's darkest places.",4,2021
s1361,TV Show,The House Arrest of Us,Richard Arellano,"Daniel Padilla, Kathryn Bernardo, Herbert Bautista, Ruffa Gutierrez, Gardo Versoza, Arlene Muhlach, Arlene Muchlach, Dennis Padilla, Riva Quenery, Anthony Jennings, Alora Sasam, Huybs Azarcon",Philippines,2021-02-01,2020,TV-MA,1 Season,"International TV Shows, Romantic TV Shows, TV Comedies",A couple decides to make their engagement official by honoring tradition when a pandemic forces them and their families to quarantine under one roof.,5,2021
s1417,TV Show,Night Stalker: The Hunt for a Serial Killer,Tiller Russell,,United States,2021-01-13,2021,TV-MA,1 Season,"Crime TV Shows, Docuseries","Beneath the sunlit glamour of 1985 LA lurks a relentlessly evil serial killer. In this true-crime story, two detectives won't rest until they catch him.",4,2021
s1420,TV Show,Last Tango in Halifax,Juliet May,"Derek Jacobi, Anne Reid, Sarah Lancashire, Nicola Walker, Edward Ashley, Louis Greatorex, Josh Bolt",United Kingdom,2021-01-12,2020,TV-MA,4 Seasons,"British TV Shows, Romantic TV Shows, TV Dramas",Two widowed childhood sweethearts fall for each other all over again when they are reunited over the Internet after nearly 60 years.,5,2021
s1433,TV Show,The Idhun Chronicles,Maite Ruiz De Austri,"Michelle Jenner, Itzan Escamilla, Sergio Mur, Nico Romero, Carlos Cuevas",Spain,2021-01-08,2021,TV-14,2 Seasons,"Anime Series, International TV Shows, Spanish-Language TV Shows","A boy suddenly orphaned fights his parents' killer to save a planet, and discovers a new world of danger — and wonder.",4,2021
s1464,TV Show,The Cat in the Hat Knows a Lot About That!,Tony Collingwood,"Martin Short, Alexa Torrington, Jacob Ewaniuk, Robert Tinkler, Tracey Hoyt","Canada, United Kingdom, United States",2021-01-01,2014,TV-Y,1 Season,Kids' TV,"The Cat in the Hat is back – and this time, he's teaching Sally and her brother, Nick, some awfully nifty things to think about!",11,2021
s1480,TV Show,SanPa: Sins of the Savior,Cosima Spender,,Italy,2020-12-30,2020,TV-MA,1 Season,"Crime TV Shows, Docuseries, International TV Shows","Amidst a heroin crisis, Vincenzo Muccioli cared for the addicted, earning him fierce public devotion — even as charges of violence began to mount.",5,2020
s1521,TV Show,Paava Kadhaigal,"Sudha Kongara, Vignesh Shivan, Gautham Vasudev Menon, Vetri Maaran","Kalidas Jayaram, Shanthnu Bhagyaraj, Bhavani Sre, Kalki Koechlin, Anjali, Padam Kumar, Prakash Raj, Sai Pallavi, Hari, Gautham Vasudev Menon, Simran",India,2020-12-18,2020,TV-MA,1 Season,"International TV Shows, TV Dramas","At times dark, at times disturbing, four short films explore stories of those who dare to dream and desire — and those determined to stand in their way.",5,2020
s1531,TV Show,Schulz Saves America,Alexx Media,Andrew Schulz,United States,2020-12-17,2020,TV-MA,1 Season,"Stand-Up Comedy & Talk Shows, TV Comedies",Comedian Andrew Schulz takes on the year's most divisive topics in this fearlessly unfiltered and irreverent four-part special.,5,2020
s1533,TV Show,Anitta: Made In Honório,"Andrucha Waddington, Pedro Waddington",Anitta,Brazil,2020-12-16,2020,TV-MA,1 Season,"Docuseries, International TV Shows","In this intimate documentary, Brazilian pop queen Anitta opens up about fame, family and her fierce work ethic, revealing the woman behind the hits.",5,2020
s1534,TV Show,BREAK IT ALL: The History of Rock in Latin America,Picky Talarico,,,2020-12-16,2020,TV-MA,1 Season,"Docuseries, Spanish-Language TV Shows","Soda Stereo, Café Tacvba, Aterciopelados and others figure in this 50-year history of Latin American rock through dictatorships, disasters and dissent.",5,2020
s1542,TV Show,The Ripper,"Ellena Wood, Jesse Vile",,United Kingdom,2020-12-16,2020,TV-MA,1 Season,"British TV Shows, Crime TV Shows, Docuseries","In the late 1970s, British police struggle to identify — let alone capture — the serial killer known throughout the world as the Yorkshire Ripper.",5,2020
s1565,TV Show,Futmalls.com,Lai Chun-yu,"Bryan Chang, Eugenie Liu, Bruce He, Ivy Shao, Allison Lin, River Huang, Ting Chun-cheng, Wang Ko-yuan, Phoebe Huang, Chu Chung-heng, Wu Chien-ho, Camille Chalons",,2020-12-10,2020,TV-14,1 Season,"Crime TV Shows, International TV Shows, TV Dramas",Strange occurrences afflict a group of people after they purchase items on a shopping website from the future.,5,2020
s1587,TV Show,Room 2806: The Accusation,Jalil Lespert,,France,2020-12-07,2020,TV-MA,1 Season,"Crime TV Shows, Docuseries, International TV Shows",This docuseries follows the 2011 sexual assault case involving French politician Dominique Strauss-Kahn at the height of his career.,5,2020
s1588,TV Show,Detention,"Su I-Hsuan, Chuang Shiang-an, Liu Yi","Li Lingwei, Han Ning, Huang Guanzhi, Jack Yao, Hsia Teng-hung, David Chao, Luo Guanxu, Wu Kunda, Serena Fang, Carol Cheng, Chang Han",Taiwan,2020-12-05,2020,TV-MA,1 Season,"International TV Shows, TV Dramas, TV Horror",A tormented student uncovers unsettling secrets at her remote high school as betrayal and a paranormal encounter upend her life.,5,2020
s1655,TV Show,Before 30,BB Sasore,"Damilola Adegbite, O.C. Ukeje, Beverly Naya, Meg Otanwa, Anee Icha, Patrick Diabuah, Tunbosun Aiyedehin, Patrick Doyle",Nigeria,2020-11-24,2015,TV-MA,1 Season,"International TV Shows, Romantic TV Shows, TV Comedies","Four female friends in the fast-paced city of Lagos, Nigeria endure public and private pressures to walk down the aisle by the age of 30.",10,2020
s1707,TV Show,The Minions of Midas,Mateo Gil,"Luis Tosar, Marta Belmonte, Guillermo Toledo, Carlos Blanco, Marta Milans, Goize Blanco, Elena Irureta, Bea Segura, Jorge Andreu, Daniel Holguín, Adolfo Fernández, Fernando Barona, Juan Blanco, Ahmed Boulane, Pepe Ocio, Vito Sanz, Adelfa Calvo, Joaquín Climent, Carmelo Gómez, Miguel Ángel Solá",Spain,2020-11-13,2020,TV-MA,1 Season,"Crime TV Shows, International TV Shows, Spanish-Language TV Shows",A millionaire publisher gets a blackmail note — his decision can mean life or death. Inspired by a Jack London story but set in contemporary Madrid.,5,2020
s1716,TV Show,A Queen Is Born,Carla Barros,"Gloria Groove, Alexia Twister",Brazil,2020-11-11,2020,TV-14,1 Season,"International TV Shows, Reality TV",Gloria Groove and Alexia Twister make drag dreams come true as they help six artists find the confidence to own the stage in this makeover show.,5,2020
s1722,TV Show,A Lion in the House,"Steven Bognar, Julia Reichert",,United States,2020-11-10,2006,TV-14,1 Season,TV Shows,Five kids and their resilient families navigate the treatments and traumas of pediatric cancer in this documentary filmed over the course of six years.,19,2020
s1734,TV Show,Carmel: Who Killed Maria Marta?,Alejandro Hartmann,,Argentina,2020-11-05,2020,TV-14,1 Season,"Crime TV Shows, Docuseries, International TV Shows","A woman is found dead in her bathtub, with a puddle of blood nearby. Her husband theorizes she had an accident. But an autopsy tells a different story.",5,2020
s1772,TV Show,Afronta! Facing It!,Juliana Vicente,"Loo Nascimento, Ingrid Silva, Rincon Sapiência, Batekoo, Gabriel Martins, Benjamin Abras, Daniele DaMata, Tasha & Tracie Okereke, Mariana de Matos, André Novais, Mahal Pita, Grace Passô, Thamyra Thâmara, Xenia França, Criola, Dani Ornellas, Anelis Assumpção, Magá Moura, Tássia Reis, Liniker, Yasmin Thayná, Raquel Virgínia, Juliana Luna, Erica Malunguinho, Diane Lima, Karol Conká",Brazil,2020-10-31,2017,TV-PG,1 Season,"Docuseries, International TV Shows","This docuseries spotlights Afro-Brazilian thinkers sharing their individual journeys and discussing representation, entrepreneurship and community.",8,2020
s1795,TV Show,The Devil Punisher,"Chang Chin-jung, Chen Rong-hui","Mike He, Ivy Shao, Anson Chen, Jane Chang, Roy Chang, Amanda Chou, Johnny Yang, Yin Chao-te, Tan Ai-Chen, Chen Bor-jeng, Dewi Chien",Taiwan,2020-10-26,2020,TV-14,1 Season,"International TV Shows, Romantic TV Shows, TV Mysteries","A baker by day and demon fighter by night, a reincarnated deity must jog his amnesiac lover's memory of their millennium-long romance.",5,2020
s1801,TV Show,Move,"Thierry Demaizière, Alban Teurlai",,United States,2020-10-23,2020,TV-MA,1 Season,"Docuseries, International TV Shows",Discover the brilliant dancers and choreographers who are shaping the art of movement around the world in this documentary series.,5,2020
s1841,TV Show,Someone Has to Die,Manolo Caro,"Carmen Maura, Cecilia Suárez, Ester Expósito, Ernesto Alterio, Alejandro Speitzer, Isaac Hernández, Carlos Cuevas, Mariola Fuentes, Pilar Castro, Juan Carlos Vellido, Eduardo Casanova, Manuel Morón, Javier Pereira","Mexico, Spain",2020-10-16,2020,TV-MA,1 Season,"Crime TV Shows, International TV Shows, Spanish-Language TV Shows","In conservative 1950s Spain, the alleged relationship between a young man and a Mexican ballerino creates an uproar of harrowing consequences.",5,2020
s1881,TV Show,To the Lake,Pavel Kostomarov,"Viktoriya Isakova, Kirill Käro, Aleksandr Robak, Natalya Zemtsova, Maryana Spivak, Yuri Kuznetsov, Eldar Kalimulin, Viktoriya Agalakova, Alexander Yatsenko, Saveliy Kudryashov",Russia,2020-10-07,2020,TV-MA,1 Season,"International TV Shows, TV Dramas, TV Mysteries","Facing the end of civilization when a terrifying plague strikes, a group risks their lives, loves — and humanity — in a brutal struggle to survive.",5,2020
s1999,TV Show,Call the Midwife,Philippa Lowthorpe,"Vanessa Redgrave, Bryony Hannah, Helen George, Jenny Agutter, Pam Ferris, Laura Main, Judy Parfitt, Cliff Parisi, Stephen McGann, Ben Caplan, Miranda Hart, Jessica Raine, Max Macmillan, Victoria Yeates, Jack Ashton, Emerald Fennell, Linda Bassett",United Kingdom,2020-09-15,2020,TV-MA,9 Seasons,"British TV Shows, International TV Shows, TV Dramas",This period drama set in impoverished East London in the 1950s follows a newly qualified midwife and her colleagues at a nursing convent.,5,2020
s2023,TV Show,Julie and the Phantoms,Kenny Ortega,"Madison Reyes, Charlie Gillespie, Owen Patrick Joyner, Jeremy Shada, Jadah Marie, Sacha Carlson, Savannah Lee May, Cheyenne Jackson, Carlos Ponce, Booboo Stewart, Sonny Bustamante",United States,2020-09-10,2020,TV-G,1 Season,"Kids' TV, TV Comedies","Julie lost her passion for music when she lost her mom. But when three ghostly guys appear and lift her spirits, they decide to start a band together!",5,2020
s2034,TV Show,La Línea: Shadow of Narco,Pepe Mora,,Spain,2020-09-09,2020,TV-MA,1 Season,"Crime TV Shows, Docuseries, International TV Shows","A stone's throw from Africa, the Spanish beach town of La Línea is a drug smuggling hot spot. But the police and mayor are determined to change that.",5,2020
s2081,TV Show,Thomas and Friends,Greg Tiernan,"Michael Angelis, Ben Small, Keith Wickham, Kerry Shale",United Kingdom,2020-09-01,2020,TV-Y,2 Seasons,"British TV Shows, Classic & Cult TV, Kids' TV","This animated children's series follows the adventures of Thomas, a cheerful blue tank engine who lives on the island of Sodor.",5,2020
s2109,TV Show,Goedam,Hong Won-ki,"SEOLA, Lee Hyun-joo, Song Chae-yun, Han Ga-rim, Shim So-young",South Korea,2020-08-20,2020,TV-MA,1 Season,"International TV Shows, TV Horror, TV Mysteries","When night falls on the city, shadows and spirits come alive in this horror anthology series centered on urban legends.",5,2020
s2195,TV Show,Unlucky Ploy,Nopparoj Chotmunkongsit,"Anusorn Maneethet, Atsadaporn Siriwattanakul, Waratthaya Wongchayaporn, Thanawetch Siriwattanakul, Pokchat Thiamchai, Phichikorn Ployphimana, Supachai Suwanon, Daraneenuch Pasutanavin, Kittiphong Dumavibhat, Aphiradi Phawaphutanon, Attharut Krongrasri, Ronnawee Sereerat, Lita Janvarapa, Sitang Punnapob, Yani Tramod",,2020-07-30,2020,TV-MA,1 Season,"International TV Shows, Romantic TV Shows, TV Comedies","In this remake of the Korean series, a man becomes mired in the lives of two women who happen to share the same name.",5,2020
s2215,TV Show,Sinatra: All or Nothing at All,Alex Gibney,,United States,2020-07-23,2015,TV-14,1 Season,Docuseries,"Legendary crooner Frank Sinatra's life and talent are captured in this documentary series featuring fond memories from friends, family and colleagues.",10,2020
s2246,TV Show,Dating Around: Brazil,Cassia Dian,,Brazil,2020-07-10,2020,TV-14,1 Season,"International TV Shows, Reality TV, Romantic TV Shows","In this reality show, six singles meet five different blind dates at trendy urban hot spots in Brazil. Who will they choose for a second outing?",5,2020
s2252,TV Show,The Twelve,Wouter Bouvijn,"Maaike Neuville, Charlotte De Bruyne, Tom Vermeir, Mieke De Groote, Johan Heldenbergh, Zouzou Ben Chikha, Peter Gorissen, Piet De Praitere, Maaike Cafmeyer, Josse De Pauw, Greet Verstraete, Koen De Sutter, Isabelle Van Hecke, Lynn Van Royen",Belgium,2020-07-10,2019,TV-MA,1 Season,"Crime TV Shows, International TV Shows, TV Dramas",Twelve jurors — ordinary people with struggles of their own — must decide the case of a woman accused of killing her best friend and her own daughter.,6,2020
s2276,TV Show,Hook,Rachit Kusonkoonsiri,"Peemapol Panichtamrong, Phiravich Attachitsataporn, Thime Pichitsurakit, Jidapa Siribunchawan, Yanin Opassathaworn, Jaturong Kolimart, Pete Thongchua, Ratchanont Sukpragawp, Kanyaphak Pongsak, Kittikun Tansuhas, Tanawat Cheawaram, Toru Takizawa, Noraworn Puangumpai",Thailand,2020-07-05,2020,TV-MA,1 Season,"International TV Shows, Romantic TV Shows, TV Comedies","Despite their fathers' rivalry, two university students form a friendship at a boxing gym as they tackle family drama, romance and personal crises.",5,2020
s2308,TV Show,Abby Hatcher,Kyran Kelly,"Macy Drouin, Wyatt White, Paul Sun-Hyung Lee, Michela Luci, Christian Dal Dosso, Laaibah Alvi, Leo Orgil","United States, Canada",2020-07-01,2019,TV-Y,1 Season,Kids' TV,"A big-hearted girl helps her Fuzzly friends who live in her family's hotel with exploring feelings, fixing mishaps and embracing their special quirks.",6,2020
s2406,TV Show,DC's Legends of Tomorrow,Rob Seidenglanz,"Victor Garber, Brandon Routh, Caity Lotz, Franz Drameh, Amy Pemberton, Dominic Purcell, Maisie Richardson-Sellers, Nick Zano, Arthur Darvill, Wentworth Miller, Tala Ashe, Adam Tsekhman, Christina Brucato, Simon Merrells, Nils Hognestad, Jes Macallan, Keiynan Lonsdale",United States,2020-06-10,2020,TV-14,5 Seasons,"TV Action & Adventure, TV Sci-Fi & Fantasy","A mysterious ""time master"" from the future unites an unlikely group of superheroes and villains to save the world from a powerful evil.",5,2020
s2424,TV Show,Supernatural,Phil Sgriccia,"Jared Padalecki, Jensen Ackles, Mark Sheppard, Misha Collins, Jim Beaver, Andrea Menard, Samantha Smith, Mark Pellegrino, Alexander Calvert","United States, Canada",2020-06-05,2019,TV-14,15 Seasons,"Classic & Cult TV, TV Action & Adventure, TV Horror","Siblings Dean and Sam crisscross the country, investigating paranormal activity and picking fights with demons, ghosts and monsters.",6,2020
s2471,TV Show,Supergirl,Jesse Warn,"Melissa Benoist, Mehcad Brooks, Chyler Leigh, Jeremy Jordan, David Harewood, Calista Flockhart, Emma Tremblay, Adrian Pasdar, Katie McGrath, David St. Louis, Odette Annable, Floriana Lima, Erica Durance",United States,2020-05-25,2019,TV-14,5 Seasons,"TV Action & Adventure, TV Sci-Fi & Fantasy","To avert a disaster, Kara Danvers reveals her powers and true identity: She is Superman's cousin, now known as Supergirl, protector of National City.",6,2020
s2481,TV Show,Trailer Park Boys: The Animated Series,"Norm Hiscock, Gary Howsam, Mike Smith, John Paul Tremblay, Robb Wells","Mike Smith, John Paul Tremblay, Robb Wells, John Dunsworth, Pat Roach, Cory Bowles, Jacob Rolfe, Tyrone Parsons, Sarah Dunsworth, Jeanna Harrison, Marguerite McNeil",Canada,2020-05-22,2020,TV-MA,2 Seasons,TV Comedies,"Nova Scotia’s favorite miscreants have always been super sketchy. Now, carrying on from the Season 12 finale, the boys have become complete cartoons.",5,2020
s2508,TV Show,Patton Oswalt: I Love Everything,Marcus Raboy,"Patton Oswalt, Bob Rubin",United States,2020-05-19,2020,TV-MA,1 Season,"Stand-Up Comedy & Talk Shows, TV Comedies",Turning 50. Finding love again. Buying a house. Experiencing existential dread at Denny's. Life comes at Patton Oswalt fast in this stand-up special.,5,2020
s2523,TV Show,Inhuman Resources,Ziad Doueiri,"Eric Cantona, Suzanne Clément, Alex Lutz, Gustave Kervern, Alice de Lencquesaing, Louise Coldefy, Nicolas Martinez, Adama Niane",France,2020-05-15,2020,TV-MA,1 Season,"Crime TV Shows, International TV Shows, TV Dramas","Alain Delambre, unemployed and 57, is lured by an attractive job opening. But things get ugly when he realizes he’s a pawn in a cruel corporate game.",5,2020
s2528,TV Show,Sleepless Society: Two Pillows & A Lost Soul,Sivaroj Kongsakul,"Numthip Jongrachatawiboon, Vorarit Fuangarom, Bhumibhat Thavornsiri, Thanongsak Suphakan, Kanjanaporn Plodpai, Tosatid Darnkhuntod, Boonsong Nakphoo, Arachaporn Pokinpakorn, Annita Sarucha, Chidsanupong Sakulnuntipat, Nisawan Silpapearsue, Porntip Tipsiri, Thana Srisuke",Thailand,2020-05-15,2020,TV-MA,1 Season,"Crime TV Shows, International TV Shows, TV Dramas",A motivational speaker about to divorce her abusive husband wakes up from a wild party one morning to find a dead body.,5,2020
s2554,TV Show,The Eddy,"Damien Chazelle, Houda Benyamina, Laïla Marrakchi, Alan Poul","André Holland, Joanna Kulig, Amandla Stenberg, Leïla Bekhti, Tahar Rahim, Benjamin Biolay, Adil Dehbi, Melissa George, Lada Obradovic, Tchéky Karyo, Randy Kerber, Elyes Aguis, Damian Nueva Cortes","United Kingdom, Germany, United States, France",2020-05-08,2020,TV-MA,1 Season,"International TV Shows, TV Dramas","The owner of a Paris jazz club gets tangled up with dangerous criminals as he fights to protect his business, his band and his teenage daughter.",5,2020
s2558,TV Show,Scissor Seven,He Xiaofeng,"He Xiaofeng, Jiang Guangtao, Duan Yixuan, Zhu Rongrong, Wen Sen, Jiang Huiqin, Ban Ma, Ronny Chieng, Shinji Saito, Daniel Sosa",China,2020-05-07,2020,TV-MA,2 Seasons,"International TV Shows, TV Action & Adventure, TV Comedies","Seeking to recover his memory, a scissor-wielding, hairdressing, bungling quasi-assassin stumbles into a struggle for power among feuding factions.",5,2020
s2566,TV Show,Almost Happy,Hernán Guerschuny,"Sebastián Wainraich, Natalie Pérez, Santiago Korovsky",Argentina,2020-05-02,2020,TV-MA,1 Season,"International TV Shows, Spanish-Language TV Shows, TV Comedies","Sebastián is a radio show host of modest fame, trying to find a way in the world as he deals with his ex-wife (whom he still loves) and two kids.",5,2020
s2603,TV Show,The Forest of Love: Deep Cut,Sion Sono,"Kippei Shiina, Shinnosuke Mitsushima, Kyooko Hinami, Eri Kamataki, Young Dais, Natsuki Kawamura, Yuzuka Nakaya, Dai Hasegawa, Chiho Fujii, Sei Matobu, Denden",Japan,2020-04-30,2020,TV-MA,1 Season,"Crime TV Shows, International TV Shows, TV Dramas",Nothing's as it seems when a charismatic conman and an aspiring film crew delve into the lives of two emotionally scarred women.,5,2020
s2604,TV Show,The Victims' Game,"David Chuang, Chen Kuan-chung","Joseph Chang, Hsu Wei-ning, Jason Wang, Ruby Lin, Moon Lee, River Huang, Chen Chia-kuei, Ding Ning, Hsia Ching-ting, Rexen Cheng",Taiwan,2020-04-30,2020,TV-MA,1 Season,"Crime TV Shows, International TV Shows, TV Dramas","After discovering his estranged daughter's link to mysterious murders, a forensic detective with Asperger's syndrome risks everything to solve the case.",5,2020
s2660,TV Show,Middleditch & Schwartz,Ryan Polito,"Thomas Middleditch, Ben Schwartz",United States,2020-04-21,2020,TV-MA,1 Season,TV Comedies,Comedy duo Thomas Middleditch and Ben Schwartz turn small ideas into epically funny stories in this series of completely improvised comedy specials.,5,2020
s2676,TV Show,Fary : Hexagone,"Adrien Lagier, Ousmane Ly",Fary,France,2020-04-16,2020,TV-MA,2 Seasons,"International TV Shows, Stand-Up Comedy & Talk Shows, TV Comedies","French comedy phenom Fary puts a playful spin on questions of identity, culture and more in the first half of an epic two-part stand-up special.",5,2020
s2697,TV Show,The Trial,Stefano Lodovichi,"Vittoria Puccini, Francesco Scianna, Camilla Filippi, Simone Colombari, Maurizio Lastrico, Alessandro Averone, Euridice Axen, Marco Baliani, Pia Lanciotti, Giordano De Plano, Roberto Herlitzka, Tommaso Ragno, Margherita Caviezel, Michele Morrone",Italy,2020-04-10,2019,TV-MA,1 Season,"Crime TV Shows, International TV Shows, TV Dramas","The murder of a teen girl impacts a public prosecutor linked to the victim, a lawyer seeking a career-making case and a suspect who says she's innocent.",6,2020
s2753,TV Show,Bal Ganesh,Vijay S. Bhanushali,"Meghna Erande Joshi, Parminder Ghumman",,2020-03-31,2019,TV-Y7,1 Season,Kids' TV,"Watch Ganesh destroy demons, disarm invaders and defeat dacoits in this series based on the mythological Hindu elephant god’s childhood.",6,2020
s2796,TV Show,"Tiger King: Murder, Mayhem and Madness","Eric Goode, Rebecca Chaiklin",,United States,2020-03-20,2020,TV-MA,1 Season,"Crime TV Shows, Docuseries",A zoo owner spirals out of control amid a cast of eccentric characters in this true murder-for-hire story from the underworld of big cat breeding.,5,2020
s2814,TV Show,Ken Burns Presents: College Behind Bars: A Film by Lynn Novick and Produced by Sarah Botstein,Lynn Novick,,United States,2020-03-15,2019,TV-MA,1 Season,Docuseries,"This docuseries follows several incarcerated people as they pursue a college degree through the Bard Prison Initiative, a rigorous education program.",6,2020
s2822,TV Show,Kingdom,Kim Seong-hun,"Ju Ji-hoon, Ryu Seung-ryong, Bae Doona, Kim Sang-ho, Kim Sung-kyu, Jeon Seok-ho, Kim Hye-jun, Heo Jun-ho, Jung Suk-won, Kim Jong-soo","South Korea, United States",2020-03-13,2020,TV-MA,2 Seasons,"International TV Shows, Korean TV Shows, TV Action & Adventure","While strange rumors about their ill king grip a kingdom, the crown prince becomes their only hope against a mysterious plague overtaking the land.",5,2020
s2847,TV Show,Velvet,Carlos Sedes,"Paula Echevarría, Miguel Ángel Silvestre, Aitana Sánchez-Gijón, Manuela Velasco, Manuela Vellés, Marta Hazas, Javier Rey, Maxi Iglesias, Cecilia Freire, Adrián Lastra, Miriam Giovanelli, Natalia Millán, José Sacristán, Ingrid Rubio, Peter Vives, Llorenç González, Ángela Molina, Pastora Vega",Spain,2020-03-04,2016,TV-14,4 Seasons,"International TV Shows, Romantic TV Shows, Spanish-Language TV Shows","In 1950s Spain, the heir to a fashion house romances a beautiful seamstress who works for the company, despite the objections of his family.",9,2020
s2878,TV Show,Six Windows in the Desert,"Ali Kalthami, Meshal Aljaser, Faris Godus, Mohamed al Salman, Faisal al Amer","Moayad Alnefaie, Mohammed Alhamdan, Citi Bet Baydi, Sadeem Alshehri, Mohammed Albakri, Moayed Althagafi, Hussain Alyahya, Abeer Alotaibi, Zara Albalushi, Ali Alshehabi",Saudi Arabia,2020-02-27,2020,TV-14,1 Season,TV Shows,"From a theatre play to the aftermath of a plane crash, this collection of shorts from Saudi filmmakers depicts the nuances of Saudi Arabian culture.",5,2020
s2891,TV Show,Unabomber - In His Own Words,Mick Grogan,Ted Kaczynski,Canada,2020-02-22,2018,TV-MA,1 Season,"Crime TV Shows, Docuseries","The CIA attempts to turn Ted Kaczynski, aka the Unabomber, into a super agent — a plan that backfires. Based on real events.",7,2020
s2907,TV Show,On the Real,Tosin Coker,"Ini Dima Okojie, Akah Nnani, Nancy Isime, Maurice Sam, David Jones David, Angel Funto Johnson, Pearl Okorie, Tomiwa Tegbe, Peanut Omatsola",Nigeria,2020-02-16,2017,TV-MA,1 Season,"International TV Shows, TV Dramas",A group of reality stars transitions into their newly achieved fame while dealing with the demands of an obnoxious TV executive and their regular lives.,8,2020
s2924,TV Show,Sleepless Society: Insomnia,"Pantham Thongsang, Cheewatan Pusitsuksa","Chutimon Chuengcharoensukying, Sutthirak Subvijitra, Nutthasit Kotimanuswanich, Sita Maharavidejakorn, Sutthatip Wutichaipradit, Warisara Yu, Chokchai Charoensuk, Supoj Pongpancharoen, Nikorn Sae Tang, Gandhi Wasuwitchayagit, Petchpatchara Kitkrairaj, Duangjai Hirunsri, Nilacha Fuangfukiet, Teeranai Na Nongk้hai, Sumontha Suanpolrat, Wimolphan Chaleejunghan, Damkerng Thitapiyasak, Natthawara Hongsuwan, Nunthapak Chalermpuwadej, Tachatorn Supanan",Thailand,2020-02-13,2019,TV-MA,1 Season,"Crime TV Shows, International TV Shows, TV Dramas","Haunted by recurring visions, a young woman with insomnia visits an old home to solve a mystery and put her nightmares to an end.",6,2020
s2948,TV Show,Arrow,James Bamford,"Stephen Amell, Katie Cassidy, David Ramsey, Willa Holland, Paul Blackthorne, Emily Bett Rickards, John Barrowman, Colton Haynes, Susanna Thompson, Anna Hopkins, Juliana Harkavy, Adrian Holmes, Kathleen Gati, Echo Kellum, Rick Gonzalez, Dominic Bogart, Manu Bennett",United States,2020-02-05,2019,TV-14,8 Seasons,"Crime TV Shows, TV Action & Adventure","Based on DC Comics' Green Arrow, an affluent playboy becomes a vengeful superhero, saving the city from villains armed with just a bow and arrows.",6,2020
s2949,TV Show,The Pharmacist,"Julia Willoughby Nason, Jenner Furst",,United States,2020-02-05,2020,TV-MA,1 Season,"Crime TV Shows, Docuseries","After his son's tragic death, a Louisiana pharmacist goes to extremes to expose the rampant corruption behind the opioid addiction crisis.",5,2020
s2963,TV Show,Miraculous: Tales of Ladybug & Cat Noir,Thomas Astruc,"Cristina Vee, Bryce Papenbrook, Keith Silverstein, Mela Lee, Max Mittelman, Carrie Keranen, Stephanie Sheh, André Gordon, Matthew Mercer, Christopher Corey Smith, Philece Sampler, Selah Victor, Marieve Herington, Ben Diskin, Kira Buckland, Erin Fitzgerald, Grant George, Ethan Murray, David Roach, Todd Haberkorn","France, South Korea, Japan, United States",2020-02-01,2019,TV-Y7,5 Seasons,"Kids' TV, TV Action & Adventure","When Paris is in peril, Marinette becomes Ladybug. Little does she know, her school crush Adrien is actually Cat Noir, another city-saving superhero.",6,2020
s3000,TV Show,The Ghost Bride,Quek Shio-chuan,"Huang Peijia, Wu Kang-jen, Ludi Lin, Janet Hsieh, Kuang Tian, Susan Leong, Jordan Voon, Angeline Tan, Jojo Goh, Teresa Daley","Taiwan, Malaysia",2020-01-23,2020,TV-14,1 Season,"International TV Shows, TV Dramas, TV Mysteries","In 1890s Malacca, Li Lan finds herself in the afterlife and becomes mired in a mystery linked to the sinister, deceased son of a wealthy family.",5,2020
s3037,TV Show,Jamtara - Sabka Number Ayega,Soumendra Padhi,"Amit Sial, Dibyendu Bhattacharya, Aksha Pardhasany, Sparsh Shrivastava, Monika Panwar, Anshumaan Pushkar",India,2020-01-10,2020,TV-MA,1 Season,"Crime TV Shows, International TV Shows, TV Dramas","A group of small-town young men run a lucrative phishing operation, until a corrupt politician wants in on their scheme – and a cop wants to fight it.",5,2020
s3068,TV Show,"Nisman: The Prosecutor, the President, and the Spy",Justin Webster,,"Spain, Germany, Denmark, United States",2020-01-01,2020,TV-MA,1 Season,"Crime TV Shows, Docuseries, International TV Shows","This docuseries details the suspicious death of Alberto Nisman, investigator of the 1994 bombing of the Argentine Israelite Mutual Association building.",5,2020
s3097,TV Show,You,Lee Toland Krieger,"Penn Badgley, Elizabeth Lail, Shay Mitchell, John Stamos, Luca Padovan, Zach Cherry",United States,2019-12-26,2019,TV-MA,2 Seasons,"Crime TV Shows, Romantic TV Shows, TV Dramas","Obsessed with an aspiring writer, a charming bookstore manager goes to extreme measures to insert himself into her life.",6,2019
s3122,TV Show,Don't F**k with Cats: Hunting an Internet Killer,Mark Lewis,,"United Kingdom, United States",2019-12-18,2019,TV-MA,1 Season,"Crime TV Shows, Docuseries",A twisted criminal's gruesome videos drive a group of amateur online sleuths to launch a risky manhunt that pulls them into a dark underworld.,6,2019
s3131,TV Show,"Crazy, Lovely, Cool",Obi Emelonye,"Enyinna Nwigwe, Adesua Etomi, Uru Eke, Zynnell Zuh, Obi Okolie, Anthony Monjaro, Emmanuel Emelu, Chinonye Chidolue, Lorenzo Menakaya, King Bawa",Nigeria,2019-12-15,2018,TV-MA,1 Season,"International TV Shows, TV Dramas","For a group of charismatic undergraduates, the jolting revelations from a campus blog turn surviving university life into a serious matter.",7,2019
s3138,TV Show,Girls und Panzer,Tsutomu Mizushima,"Mai Fuchigami, Ai Kayano, Mami Ozaki, Ikumi Nakagami, Yuka Iguchi, Misato Fukuen, Mikako Takahashi, Kana Ueda",Japan,2019-12-15,2012,TV-PG,1 Season,"Anime Series, International TV Shows",Miho Nishizumi tries to escape her family's tradition of tankery by enrolling at a new high school. Instead she gets back into the sport with friends.,13,2019
s3175,TV Show,The Chosen One,Michel Tikhomiroff,"Paloma Bernardi, Renan Tenca, Gutto Szuster, Pedro Caetano, Mariano Mattos Martins, Alli Willow, Kiko Vianello, Francisco Gaspar, Tuna Dwek, Lourinelson Vladmir, Leonardo Ventura, Aury Porto, Glauber Amaral, Astrea Lucena",Brazil,2019-12-06,2019,TV-MA,2 Seasons,"International TV Shows, TV Dramas, TV Mysteries","Determined to bring a Zika vaccine to the remote Pantanal, three doctors clash with a faith healer and are pulled deeper into the mysteries of his cult.",6,2019
s3176,TV Show,The Confession Killer,"Robert Kenner, Taki Oldham",,United States,2019-12-06,2019,TV-14,1 Season,"Crime TV Shows, Docuseries",Henry Lee Lucas rose to infamy when he confessed to hundreds of unsolved murders. This docuseries examines the truth – and horrifying consequences.,6,2019
s3357,TV Show,Nowhere Man,DJ Chen,"Alyssa Chia, Mavis Fan, Joseph Chang, Wang Po-chieh, Jeremiah Zhang, Chou Min-fu, Greg Hsu, Kuo Tze-cheng, Shen Hai-jung, Lu Yi-long",Taiwan,2019-10-31,2019,TV-MA,1 Season,"Crime TV Shows, International TV Shows, TV Action & Adventure","Two nefarious schemes taking place 10 years apart entangle a dauntless triad member, who must break out of prison to rescue a loved one.",6,2019
s3359,TV Show,"Bring It On, Ghost",Park Joon-hwa,"Taecyeon, Kim So-hyun, Kwon Yul, Kim Sang-ho, Kang Ki-young, Lee Da-wit, Kim Min-sang, Yun Seo-hyun",South Korea,2019-10-30,2016,TV-14,1 Season,"International TV Shows, Korean TV Shows, Romantic TV Shows",A college student with psychic abilities takes in an amnesiac ghost as his roommate – who ends up helping him hunt down spooky spirits.,9,2019
s3424,TV Show,Black Money Love,Ahmet Katıksız,"Güler Ökten, Hazal Türesan, İlkin Tüfekçi, Bedia Ener, Erkan Can, Öykü Karayel, Emre Kızılırmak, Bestemsu Özdemir, Engin Akyürek, Burak Tamdoğan, Saygın Soysal, Tuba Büyüküstün, Ali Yörenç, Ahmet Tansu Taşanlar, Elif İnci",Turkey,2019-10-15,2014,TV-MA,1 Season,"Crime TV Shows, International TV Shows, TV Dramas","After a cop's fiancée and a jewelry designer's father are found dead together, the two bereaved ones face a perilous aftermath of a theft gone wrong.",11,2019
s3462,TV Show,Cheese in the Trap,Lee Yoon-jung,"Park Hae-Jin, Kim Go-eun, Seo Kang-jun, Lee Sung-kyoung, Nam Joo-hyuk, Park Min-ji, Hwang Seog-jeong, Son Byung-ho, Ahn Kil-kang",South Korea,2019-10-01,2016,TV-14,1 Season,"International TV Shows, Korean TV Shows, Romantic TV Shows","In this adaptation of a popular webtoon, a poor student trying to navigate college life gains the attention of a wealthy upperclassman with a dark side.",9,2019
s3478,TV Show,Gotham,Danny Cannon,"Ben McKenzie, Donal Logue, Jada Pinkett Smith, David Mazouz, Sean Pertwee, Camren Bicondova, Robin Lord Taylor, Cory Michael Smith, Erin Richards, John Doman, Victoria Cartagena, Andrew Stewart-Jones, Larry Pine, Jessica Lucas, Maggie Geha, Charlie Tahan, Drew Powell, Morena Baccarin, Anthony Carrigan, Crystal Reed, Chris Chalk, Damian Young, Michael Buscemi, Alexander Siddig, Michael Maize",United States,2019-09-30,2019,TV-MA,5 Seasons,"Crime TV Shows, TV Action & Adventure, TV Dramas","Long before he was commissioner, rookie cop James Gordon takes on Gotham City crime and corruption to avenge the murder of Bruce Wayne's parents.",6,2019
s3504,TV Show,Criminal: Spain,Mariano Barroso,"Emma Suárez, Jorge Bosch, Álvaro Cervantes, Carmen Machi, Inma Cuesta, Eduard Fernández, María Morales, José Ángel Egido, Daniel Chamorro, Javi Coll, Carlos Manuel Díaz, Nuria Mencía, Milo Taboada",Spain,2019-09-20,2019,TV-MA,1 Season,"British TV Shows, Crime TV Shows, International TV Shows","Psychological games abound between detectives and suspects in a tense interrogation room, where the search for answers sometimes comes at a moral cost.",6,2019
s3507,TV Show,The Hockey Girls,"Kiko Cruz Claverol, Patricia Font","Iria del Río, Nora Navas, Josep Linuesa, Natàlia Barrientos, Dèlia Brufau, Yasmina Drissi Sales, Júlia Gibert, Mireia Oriol, Asia Ortega Leiva, Claudia Riera, Mireia Aixalà, Juli Fàbregas, Àgata Roca, Marc Clotet",Spain,2019-09-20,2019,TV-MA,1 Season,"International TV Shows, TV Comedies, TV Dramas","The passionate members of a girls' roller hockey team chase down victories in the rink while striving to make time for school, family and romance.",6,2019
s3542,TV Show,Naruto,Hayato Date,"Junko Takeuchi, Chie Nakamura, Noriaki Sugiyama, Kazuhiko Inoue, Toshihiko Seki, Hidekatsu Shibata, Masako Katsuki, Nana Mizuki",Japan,2019-09-01,2006,TV-14,9 Seasons,"Anime Series, International TV Shows","Guided by the spirit demon within him, orphaned Naruto learns to harness his powers as a ninja in this anime adventure series.",19,2019
s3590,TV Show,Sacred Games,"Vikramaditya Motwane, Anurag Kashyap","Saif Ali Khan, Nawazuddin Siddiqui, Radhika Apte, Neeraj Kabi, Jitendra Joshi","India, United States",2019-08-15,2019,TV-MA,2 Seasons,"Crime TV Shows, International TV Shows, TV Dramas","A link in their pasts leads an honest cop to a fugitive gang boss, whose cryptic warning spurs the officer on a quest to save Mumbai from cataclysm.",6,2019
s3591,TV Show,Til Death Do Us Part,"Cho Li, Chen Hung-yi, Weica Wang, Liu Bang-yao, Lin Guan-fu, Shen Chi, YC Tom Lee","Wen Chen-ling, River Huang, Lin He-xuan, Phoebe Lin, Janel Tsai, Dara Hanfman, Hsia Teng-hung, Nikki Hsin-Ying Hsieh",Taiwan,2019-08-15,2019,TV-MA,1 Season,"International TV Shows, TV Dramas, TV Thrillers","Based on the speculative short stories of MirrorFiction, this sci-fi thriller anthology plunges headlong into our deepest desires – and darkest fears.",6,2019
s3606,TV Show,The Family,Jesse Moss,"James Cromwell, David Rysdahl, Ben Rosenfield, Zachary Booth",United States,2019-08-09,2019,TV-14,1 Season,Docuseries,"An enigmatic conservative Christian group known as the Family wields enormous influence in Washington, D.C., in pursuit of its global ambitions.",6,2019
s3614,TV Show,Reply 1994,Shin Won-ho,"Go Ara, Jung Woo, Sung Dong-il, Dohee, Son Ho-jun, Kim Sung-kyun, Cha Seon-wu, Yoo Yeon-seok, Lee Il-hwa",South Korea,2019-08-08,2014,TV-MA,1 Season,"International TV Shows, Korean TV Shows, Romantic TV Shows","All hailing from various parts of Korea, a group of college students go from being complete strangers to a big happy family at a Seoul boarding house.",11,2019
s3615,TV Show,Reply 1997,Shin Won-ho,"Jung Eun-ji, Seo In-guk, Shin So-yul, Ji-won Eun, Lee Ho-won, Lee Si-eon, Sung Dong-il, Lee Il-hwa, Song Jong-ho",South Korea,2019-08-08,2012,TV-MA,1 Season,"International TV Shows, Korean TV Shows, Romantic TV Shows","As a teen, Shi Won was obsessed with a boy band. Now 33 years old, Shi Won and her friends are reviving their memories as their school reunion nears.",13,2019
s3654,TV Show,Comedians in Cars Getting Coffee,Jerry Seinfeld,Jerry Seinfeld,United States,2019-07-19,2019,TV-14,6 Seasons,"Stand-Up Comedy & Talk Shows, TV Comedies","Jerry Seinfeld's roving talk show combines coffee, laughs and vintage cars into quirky, caffeine-fueled adventures with the sharpest minds in comedy.",6,2019
s3720,TV Show,Bolívar,"Luis Alberto Restrepo, Andrés Beltrán, Jaime Rayo","Luis Gerónimo Abreu, José Ramón Barreto, Ernesto Benjumea, Félix Antequera, Jefferson Quiñones, Shany Nadan, María José Vargas, Hans Martínez, Mauro Mauad, Álvaro Bayona, Rosmeri Marval, Irene Esser, Nohely Arteaga",Colombia,2019-06-21,2019,TV-MA,1 Season,"International TV Shows, Romantic TV Shows, Spanish-Language TV Shows","This dramatization depicts the life – and loves – of Venezuelan Gen. Simón Bolívar, who helped liberate several Latin American countries from Spain.",6,2019
s3744,TV Show,The Alcàsser Murders,Elías León,,Spain,2019-06-15,2019,TV-MA,1 Season,"Crime TV Shows, Docuseries, International TV Shows",New interviews and an up-to-date analysis of evidence shed light on the 1992 murders of three girls in Spain and their profound impact on the nation.,6,2019
s3809,TV Show,1994,Diego Enrique Osorno,,Mexico,2019-05-17,2019,TV-MA,1 Season,"Crime TV Shows, Docuseries, International TV Shows","Archival video and new interviews examine Mexican politics in 1994, a year marked by the rise of the EZLN and the assassination of Luis Donaldo Colosio.",6,2019
s3861,TV Show,Crime Diaries: Night Out,Felipe Cano,"Sebastián Osorio, Fabiana Medina, Laura Osma, Enrique Carriazo, Julián Román, Juliana Velásquez, Juan Pablo Urrego, Carlos Vergara, Ernesto Campos, Fabio Rubiano, Ernesto Benjumea, Jairo Camargo, Marcela Agudelo",Mexico,2019-05-03,2019,TV-MA,1 Season,"Crime TV Shows, International TV Shows, Spanish-Language TV Shows","After going to a Halloween party, college student Luis Andrés Colmenares is found dead. Was it an accident or murder? Inspired by true events.",6,2019
s3894,TV Show,The Hateful Eight: Extended Version,Quentin Tarantino,"Samuel L. Jackson, Kurt Russell, Jennifer Jason Leigh, Walton Goggins, Demián Bichir, Tim Roth, Michael Madsen, Bruce Dern, James Parks",,2019-04-25,2015,R,1 Season,TV Shows,"Trapped at a stagecoach stop as a storm rages outside, two bounty hunters and an outlaw face a gallery of rogues. Features never-before-seen footage.",10,2019
s3929,TV Show,Persona,"Lee Kyoungmi, Yim Pilsung, Jeon Go-woon, Kim Jong-kwan","Lee Ji-eun (IU), Bae Doona, Park Hae Soo, Kim Tae-hun, Shim Dal-gi, Lee Sung-wook, Jung Jun Won",South Korea,2019-04-11,2019,TV-MA,1 Season,"International TV Shows, Korean TV Shows, TV Dramas",An exploration of different personas in an eclectic collection of four works by critically acclaimed Korean directors.,6,2019
s4105,TV Show,Hjørdis,Lars Kaalund,"Lise Baastrup, Martin Brygmann, Ellen Hillingsø, Nicky Andersen, Nicoline Sharma Rubow, Jasmin Bart-Williams, William Rützou, Marius Due, Robert Hansen",Denmark,2019-02-15,2015,TV-MA,1 Season,"International TV Shows, TV Comedies, TV Dramas","This miniseries spinoff of ""Rita"" follows teacher Hjørdis as she plans a school play on bullying featuring a cast of socially awkward students.",10,2019
s4175,TV Show,Innocent,Seren Yüce,"Ali Atay, Haluk Bilginer, Nur Sürer, Okan Yalabık, Tülin Özen, Serkan Keskin, Bartu Küçükçağlayan, Irem Altug, Mehmet Özgür, Merve Ates, Defne Halman, Cem Zeynel Kiliç, Esra Kizildogan",Turkey,2019-01-23,2017,TV-MA,1 Season,"Crime TV Shows, International TV Shows, TV Dramas","In a peaceful, rustic town, a retired officer and his family are mired in a murder mystery riddled with shocking, buried secrets.",8,2019
s4263,TV Show,Watership Down,Noam Murro,"James McAvoy, Nicholas Hoult, John Boyega, Ben Kingsley, Tom Wilkinson, Gemma Arterton, Peter Capaldi, Olivia Colman, Mackenzie Crook, Anne-Marie Duff, Taron Egerton, James Faulkner, Freddie Fox, Lee Ingleby, Miles Jupp, Daniel Kaluuya, Rory Kinnear, Craig Parkinson, Rosamund Pike, Daniel Rigby, Jason Watkins","United Kingdom, Ireland, United States",2018-12-23,2018,TV-PG,1 Season,"British TV Shows, International TV Shows, TV Action & Adventure",A warren of rabbits battles many threats on their daring journey to find a new home in this adaptation of the classic novel by Richard Adams.,7,2018
s4285,TV Show,Ellen DeGeneres: Relatable,"Joel Gallen, Tig Notaro",Ellen DeGeneres,United States,2018-12-18,2018,TV-MA,1 Season,"Stand-Up Comedy & Talk Shows, TV Comedies","In her first special since 2003, Ellen revisits her road to stardom and details the heartfelt – and hilarious – lessons she's learned along the way.",7,2018
s4322,TV Show,Pine Gap,Mat King,"Parker Sawyers, Jacqueline McKenzie, Steve Toussaint, Tess Haubrich, Stephen Curry, Lewis Fitz-Gerald, Mark Leonard Winter",Australia,2018-12-07,2018,TV-MA,1 Season,"International TV Shows, TV Dramas","At top-secret U.S.-Australian joint defense facility Pine Gap, fissures appear in the critical alliance as spies work with, and against, each other.",7,2018
s4515,TV Show,FIGHTWORLD,Padraic McKinley,Frank Grillo,,2018-10-12,2018,TV-MA,1 Season,Docuseries,"Actor and fight enthusiast Frank Grillo travels the world, immersing himself in different fight cultures to understand their traditions and motivations.",7,2018
s4665,TV Show,Age of Rebellion,Peter Ho,"Peter Ho, Jeanine Yang, Tammy Chen, Jason Tsou, Chang Ting-hu, Nana Lee, Nien Hsuan Wu",Taiwan,2018-09-01,2018,TV-MA,1 Season,"Crime TV Shows, International TV Shows, TV Dramas","At their high school, a group of unruly teens wreak havoc, face bullies and navigate turbulent lives beyond school grounds.",7,2018
s4686,TV Show,GHOUL,Patrick Graham,"Radhika Apte, Manav Kaul, Ratnabali Bhattacharjee, Mahesh Balraj",India,2018-08-24,2018,TV-MA,1 Season,"International TV Shows, TV Dramas, TV Horror","When a new prisoner at a military detention center exhibits eerie behavior, a young interrogator’s search for the truth becomes a battle for survival.",7,2018
s4688,TV Show,Take My Brother Away,Han Qing,"Sun Qian, Joseph Zeng, Lv Xiao Yu, Hu Yong Tao, Wang Xu Dong, Ma Bai Quan",China,2018-08-24,2018,TV-14,1 Season,"International TV Shows, TV Comedies, TV Dramas","Bickering siblings Shi Miao and Shi Fen tackle friendship matters, school drama and the pitfalls of growing up with little parental supervision.",7,2018
s4780,TV Show,Mr. Sunshine,Lee Eung-bok,"Lee Byung-hun, Kim Tae-ri, Yoo Yeon-seok, Kim Min-jung, Byun Yo-han",South Korea,2018-07-08,2018,TV-MA,1 Season,"International TV Shows, Korean TV Shows, Romantic TV Shows",A young boy who ends up in the U.S. after the 1871 Shinmiyangyo incident returns to Korea at a historical turning point and falls for a noblewoman.,7,2018
s4868,TV Show,Evil Genius,"Trey Borzillieri, Barbara Schroeder",,United States,2018-05-11,2018,TV-MA,1 Season,"Crime TV Shows, Docuseries, TV Mysteries",This baffling true crime story starts with the grisly death of a pizza man who robs a bank with a bomb around his neck – and gets weirder from there.,7,2018
s4907,TV Show,Bobby Kennedy for President,Dawn Porter,Robert F. Kennedy,,2018-04-27,2018,TV-MA,1 Season,Docuseries,"Historic footage and leading voices of the era examine the ""Bobby Phenomenon"" of the 1960s and the legacy of the man who helped redefine the country.",7,2018
s4969,TV Show,James Acaster: Repertoire,Dan Lucchesi,James Acaster,United Kingdom,2018-03-27,2018,TV-14,1 Season,"British TV Shows, International TV Shows, Stand-Up Comedy & Talk Shows","Offbeat comic James Acaster covers the strange, the mundane and everything in between in this collection of four wide-ranging stand-up specials.",7,2018
s4992,TV Show,A.I.C.O.,Kazuya Murata,"Haruka Shiraishi, Yusuke Kobayashi, Makoto Furukawa, Taishi Murata, Kaori Nazuka, M・A・O, Ryota Takeuchi, Ai Kayano, Toru Okawa, Takehito Koyasu, Atsuko Tanaka",Japan,2018-03-09,2018,TV-14,1 Season,"Anime Series, International TV Shows",Everything Aiko knew was a lie. Now she's joining a team of Divers to reach the place where the Burst began to stop it for good and save her family.,7,2018
s5055,TV Show,Under Arrest,Dan Forrer,,United States,2018-02-01,2016,TV-MA,8 Seasons,"Crime TV Shows, Docuseries, International TV Shows","Cameras follow police officers as they solve crimes, assist the public and arrest lawbreakers in this reality series.",9,2018
s5078,TV Show,Godzilla,"Kobun Shizuno, Hiroyuki Seshita","Mamoru Miyano, Takahiro Sakurai, Kana Hanazawa, Tomokazu Sugita, Yuki Kaji, Junichi Suwabe, Daisuke Ono, Kenta Miyake, Kenyu Horiuchi, Kazuya Nakai, Kazuhiro Yamaji",Japan,2018-01-17,2017,TV-14,1 Season,TV Shows,"A desperate group of refugees attempts to recolonize Earth 20,000 years after Godzilla took over. But one young man wants revenge above all else.",8,2018
s5093,TV Show,Devilman Crybaby,Masaaki Yuasa,"Kouki Uchiyama, Ayumu Murase, Megumi Han, Ami Koshimizu, Atsuko Tanaka, Rikiya Koyama, Avu-chan, Kenjiro Tsuda, KEN THE 390, Subaru Kimura, Young Dais, Hannya, AFRA",Japan,2018-01-05,2018,TV-MA,1 Season,"Anime Series, International TV Shows, TV Horror","With demons reawakened and humanity in turmoil, a sensitive demon-boy is led into a brutal, degenerate war against evil by his mysterious friend, Ryo.",7,2018
s5097,TV Show,Fullmetal Alchemist: Brotherhood,Yasuhiro Irie,"Romi Park, Rie Kugimiya, Megumi Takamoto, Shinichiro Miki, Fumiko Orikasa, Kenji Utsumi, Keiji Fujiwara, Yuji Ueda, Biichi Sato, Tetsuya Kakihara, Kenji Hamada, Kaori Nazuka, Hidekatsu Shibata, Kenta Miyake, Kikuko Inoue, Tetsu Shiratori, Minami Takayama, Hiroyuki Yoshino, Yoko Soumi, Kazuya Nakai, Ryuzaburo Otomo",Japan,2018-01-01,2010,TV-14,5 Seasons,"Anime Series, International TV Shows",After both suffer physical damage – brothers Edward and Alphonse battle nefarious forces to try to reclaim their bodies in this supernatural anime.,15,2018
s5101,TV Show,Dave Chappelle: Equanimity & The Bird Revelation,Stan Lathan,Dave Chappelle,United States,2017-12-31,2017,TV-MA,1 Season,"Stand-Up Comedy & Talk Shows, TV Comedies","Comedy titan Dave Chappelle caps a wild year with two stand-up specials packed with scorching new material, self-reflection and tough love.",8,2017
s5112,TV Show,Myths & Monsters,Daniel Kontur,Nicholas Day,United Kingdom,2017-12-23,2017,TV-PG,1 Season,"British TV Shows, Docuseries",This documentary series takes us to the mythic landscapes of Europe to explore some of most enduring legends produced by European culture.,8,2017
s5145,TV Show,Oggy and the Cockroaches,Olivier Jean-Marie,"Don Michael Paul, Tony Sampson, Sam Vincent, Matt Hill, Greg Eagles, Peter Kelamis, Tara Strong, Rick Jones",France,2017-12-01,2017,TV-Y7,1 Season,"Kids' TV, TV Comedies","Wimpy blue cat Oggy would like nothing more than to snooze, but he's constantly bothered by the three ugly cockroaches who have invaded his home.",8,2017
s5157,TV Show,Bright: The Music Videos,David Ayer,"Bastille, Machine Gun Kelly, Bebe Rexha, X Ambassadors, Logic, Rag’n’Bone Man",,2017-11-23,2017,TV-MA,1 Season,TV Shows,"Explore the hit songs from the Will Smith film ""Bright"" in these music videos from Machine Gun Kelly, Bastille, Logic, Migos and friends.",8,2017
s5175,TV Show,Glitter Force Doki Doki,Go Koga,"Debi Derryberry, Cassandra Morris, Melissa Fahn, Stephanie Sheh, Erica Lindbeck, Kate Higgins, Cherami Leigh, Tara Sands, Bryce Papenbrook, Erica Mendez, Ray Chase, Carrie Keranen, Ben Diskin, Grant George, Kirk Thornton",Japan,2017-11-10,2017,TV-Y7,2 Seasons,"Anime Series, Kids' TV",Four girls summon their inner superheroes to defend Earth and the magical kingdom of Splendorius from King Mercenare and his minions.,8,2017
s5185,TV Show,Akulah Balqis,Pali Yahya,"Puteri Balqis, Aeril Zafrel, Nabila Huda, Nazim Othman, Nadia Brian, Bella Dally",,2017-11-03,2015,TV-14,1 Season,"International TV Shows, TV Dramas","A little girl must enter an orphanage after her parents are arrested, but her life takes a dramatic turn when she escapes and meets a model.",10,2017
s5368,TV Show,Daughters of Destiny,Vanessa Roth,,United States,2017-07-28,2017,TV-14,1 Season,Docuseries,Five girls from India's most impoverished families attend a boarding school designed to create opportunities as they strive for a brighter future.,8,2017
s5373,TV Show,Ari Shaffir: Double Negative,Eric Abrams,Ari Shaffir,United States,2017-07-18,2017,TV-MA,1 Season,Stand-Up Comedy & Talk Shows,"Wry yet thoughtful, comedian Ari Shaffir brings his edgy humor to two fast-paced stand-up specials about children and adulthood.",8,2017
s5382,TV Show,Degrassi: Next Class,Stefan Brogren,"Amanda Arcuri, Amir Bageria, Soma Bhatia, Jamie Bloch, Stefan Brogren, Chelsea Clark, Reiya Downs, Ana Golja, Nikki Gould, Ricardo Hoyos, Ehren Kassam, Andre Kim, Lyle Lettau, Spencer MacPherson, Eric Osborne, Dante Scott, Olivia Scriven, Sara Waisglass, Richard Walters",Canada,2017-07-07,2017,TV-14,4 Seasons,"International TV Shows, TV Dramas, Teen TV Shows","Degrassi's next generation of high-tech newbies and returning students navigates real-world high school drama. If you're a teen, this is your life.",8,2017
s5389,TV Show,46,Serdar Akar,"Erdal Beşikçioğlu, Yasemin Allen, Melis Birkan, Saygın Soysal, Berkan Şal, Metin Belgin, Ayça Eren, Selin Uludoğan, Özay Fecht, Suna Yıldızoğlu",Turkey,2017-07-01,2016,TV-MA,1 Season,"International TV Shows, TV Dramas, TV Mysteries","A genetics professor experiments with a treatment for his comatose sister that blends medical and shamanic cures, but unlocks a shocking side effect.",9,2017
s5429,TV Show,World of Winx,Iginio Straffi,"Haven Paschall, Alysha Deslorieux, Jessica Paquet, Eileen Stevens, Kate Bristol, Saskia Maarleveld, Brittany Pressley, Billy Bob Thompson, Marc Thompson, Suzy Myers, Jason Griffith, Samara Naeymi, Wayne Grayson, Alyson Leigh Rosenfeld, Abe Goldfarb, Lisa Flanagan","Italy, United States",2017-06-16,2017,TV-Y7,2 Seasons,Kids' TV,"The reality show ""WOW!"" engages the Winx in their mission, starting an undercover, worldly journey in order to make talented kids' dreams come true.",8,2017
s5436,TV Show,Man to Man,Chang-Min Lee,"Hae-Jin Park, Sung-woong Park, Min-jung Kim, Jung-an Chae, Jung-hoon Yeon, Hyun-sung Jang, Man-sik Jung, Shin-il Kang, Ho-jin Chun, In-ho Tae",South Korea,2017-06-10,2017,TV-14,1 Season,"Crime TV Shows, International TV Shows, Korean TV Shows","Disguised as a bodyguard, a special agent must complete his national secret tasks while pandering to the whims of his ill-tempered world star.",8,2017
s5522,TV Show,Hot Girls Wanted: Turned On,"Jill Bauer, Ronna Gradus, Rashida Jones",,United States,2017-04-21,2017,TV-MA,1 Season,Docuseries,"Personal stories reveal how the intersection of sex, technology and intimate relationships is rewiring us in fundamental ways.",8,2017
s5555,TV Show,Five Came Back,Laurent Bouzereau,"Steven Spielberg, Guillermo del Toro, Lawrence Kasdan, Francis Ford Coppola, Paul Greengrass, Meryl Streep",,2017-03-31,2017,TV-MA,1 Season,Docuseries,Five acclaimed contemporary directors tell the story of five legendary Hollywood filmmakers who enlisted in the armed forces to document World War II.,8,2017
s5556,TV Show,Hoff the Record,Gordon Anderson,"David Hasselhoff, Asim Chaudhry, Fergus Craig, Mark Quartley, Ella Smith, Brett Goldstein",United Kingdom,2017-03-31,2016,TV-MA,2 Seasons,"British TV Shows, TV Comedies","TV star David Hasselhoff hopes to reboot his career in the U.K., but both his comeback plans and his personal life keep going off the rails.",9,2017
s5563,TV Show,Dave Chappelle,Stan Lathan,Dave Chappelle,United States,2017-03-21,2017,TV-MA,1 Season,"Stand-Up Comedy & Talk Shows, TV Comedies","Comedy icon Dave Chappelle makes his triumphant return to the screen with a pair of blistering, fresh stand-up specials.",8,2017
s5675,TV Show,Merlin,James Hawes,"Colin Morgan, Bradley James, Katie McGrath, Angel Coulby, Richard Wilson, Anthony Head, John Hurt, Nathaniel Parker",United Kingdom,2016-12-15,2012,TV-PG,5 Seasons,"British TV Shows, International TV Shows, TV Action & Adventure","This family-oriented retelling of the King Arthur legend finds Merlin arriving in Camelot, where he hones his magic skills with the help of his uncle.",13,2016
s5775,TV Show,Old Money,David Schalko,"Udo Kier, Sunnyi Melles, Nicholas Ofczarek, Manuel Rubey, Nora von Waldstätten, Thomas Stipsits, Ursula Strauss, Robert Palfrader, Simon Schwarz, Johannes Krisch, Lukas Miko",United States,2016-10-01,2015,TV-MA,1 Season,"International TV Shows, TV Comedies, TV Dramas","Backstabbing, blackmail and revenge consume the dysfunctional family of a wealthy patriarch as they compete to find him a new liver at all costs.",10,2016
s5835,TV Show,Kuromukuro,Tensai Okamura,"Yohei Azakami, M・A・O, Reina Ueda, Asami Seto, Kaito Ishikawa, Yusuke Kobayashi, Shunsuke Takeuchi, Manami Sugihira, Momo Asakura, Kanako Tojo, Ryohei Kimura, Hikaru Ueda, Taiten Kusunoki",Japan,2016-07-04,2016,TV-14,2 Seasons,"Anime Series, International TV Shows","When mecha attack a research center, its students, pilots, and researchers must fight back with the help of mysterious artifacts and a young samurai.",9,2016
s5889,TV Show,Hemlock Grove,Eli Roth,"Famke Janssen, Landon Liboiron, Dougray Scott, Bill Skarsgård, Joel de la Fuente, Kaniehtiio Horn, Madeleine Martin, Michael Andreae, Penelope Mitchell, Freya Tingley, Laurie Fortier, Nicole Boivin, Ted Dykstra, Lili Taylor, Aaron Douglas, Kandyse McClure, Marty Adams, Demore Barnes, Madeline Brewer",United States,2015-10-23,2015,TV-MA,3 Seasons,"TV Horror, TV Mysteries, TV Thrillers","Secrets are just a part of daily life in the small Pennsylvania town of Hemlock Grove, where the darkest evils hide in plain sight.",10,2015
s6025,TV Show,7 (Seven),Nizar Shafi,"Rahman, Havish, Regina Cassandra, Nandita Swetha, Anisha Ambrose, Tridha Choudhury, Pujitha Ponnada, Aditi Arya",India,2019-07-30,2019,TV-14,1 Season,TV Shows,"Multiple women report their husbands as missing but when it appears they are looking for the same man, a police officer traces their cryptic connection.",6,2019
s6080,TV Show,Abnormal Summit,"Jung-ah Im, Seung-uk Jo","Hyun-moo Jun, Si-kyung Sung, Se-yoon Yoo",South Korea,2017-08-04,2017,TV-PG,2 Seasons,"International TV Shows, Korean TV Shows, Stand-Up Comedy & Talk Shows","Led by a trio of Korean celebs, a multinational panel of men engage in – usually – lighthearted debates on issues that surround Korea and beyond.",8,2017
s6140,TV Show,American Experience: The Circus,Sharon Grimberg,,United States,2019-05-02,2018,TV-PG,1 Season,Docuseries,"An exploration of the American circus, as the spectacle evolved from a one-ring show to a cultural event and eventually, a dying breed.",7,2019
s6320,TV Show,Bitter Daisies,Miguel Conde,"María Mera, Toni Salgado, Miquel Insua, Denis Gómez, Lucía Álvarez, Sara Sanz, Jimmy Núñez, Paloma Saavedra, Manuel Cortés, Yelena Molina, Ricardo de Barreiro, Nerea Barros, Santiago Cuquejo, Martina Stetson, Carlos Villarino",Spain,2019-03-29,2018,TV-MA,1 Season,"Crime TV Shows, International TV Shows, TV Dramas","While investigating the disappearance of a teen girl in a tight-knit Galician town, a Civil Guard officer uncovers secrets linked to a loss of her own.",7,2019
s6372,TV Show,Brave Miss World,Cecilia Peck,Linor Abargil,"United States, Israel, Italy, South Africa",2018-02-17,2013,TV-14,1 Season,"Crime TV Shows, Docuseries","Weeks before being named Miss World, Linor Abargil was raped. She tells the world her inspiring true story in this Emmy-nominated documentary.",12,2018
s6409,TV Show,Camelia la Texana,Carlos Bolado,"Sara Maldonado, Erik Hayser, Andrés Palacios, Dagoberto Gama, Luis Ernesto Franco, Arcelia Ramírez, Eréndira Ibarra","Mexico, United States",2017-02-01,2014,TV-14,1 Season,"Crime TV Shows, Romantic TV Shows, Spanish-Language TV Shows","Inspired by the famous song ""Contrabando y Traición,"" Camelia, a beautiful girl from San Antonio, kills her lover and becomes a legendary drug runner.",11,2017
s6719,TV Show,Exclusive Edition,James Lee,"Berg Lee, Yise Loo, Alvin Wong, Hady, Monday Kang, Ruobing, Wymen Yang, May June, Aenie Wong, Ernest Chong",,2017-08-14,2008,TV-14,1 Season,"International TV Shows, TV Dramas","Young journalists working for a magazine juggle careers, romance and other challenges while reporting on social issues and news stories in Malaysia.",17,2017
s6743,TV Show,Father Brown,Ian Barber,"Mark Williams, Sorcha Cusack, Nancy Carroll, Alex Price, Hugo Speer, Tom Chambers, Keith Osborn",United Kingdom,2018-03-31,2017,TV-14,6 Seasons,"British TV Shows, Crime TV Shows, TV Dramas","A modest, compassionate priest doubles as an effective crime solver in this series based on the short stories by G.K. Chesterton.",8,2018
s6811,TV Show,Frozen Planet,Alastair Fothergill,David Attenborough,"United Kingdom, United States, Spain, Germany, Greece, Canada",2016-01-28,2011,TV-PG,1 Season,"British TV Shows, Docuseries, International TV Shows",Go on a journey through the Arctic and Antarctic with this visually stunning program that explores these wildernesses and their inhabitants.,14,2016
s6839,TV Show,Geronimo Stilton,Guy Vasilovich,"Brian Drummond, Erin Mathews, Richard Ian Cox, Sarah Edmondson, Moneca Stori","Italy, Canada, France",2017-12-31,2011,TV-Y,1 Season,"Kids' TV, TV Comedies","With the help of brainy and adventurous sidekicks, New Mouse City's favorite journalist investigates mysteries that take him around the world,",14,2017
s6874,TV Show,Gonul,Neslihan Yesilyurt,"Gökçe Bahadır, Engin Öztürk, Onur Saylak",Turkey,2017-07-12,2015,TV-14,1 Season,"International TV Shows, TV Dramas, TV Thrillers","A nurse escapes from her surgeon fiancé after his ex reveals his dark secrets. She later finds love again, but a car accident changes everything.",10,2017
s6933,TV Show,Harry & Bunnie,Ah Loong,,Malaysia,2017-10-15,2017,TV-Y7,1 Season,"Kids' TV, TV Comedies",A young wannabe magician and his mischievous stage rabbit battle and sabotage each other while putting on shows.,8,2017
s7113,TV Show,Jack Taylor,Stuart Orme,"Iain Glen, Killian Scott, Nora-Jane Noone, Tara Breathnach, Frank O'Sullivan","United States, Ireland",2013-03-31,2016,TV-MA,1 Season,"Crime TV Shows, International TV Shows, TV Dramas",Ken Bruen's bestselling crime novels leap to life in this series of TV movies featuring Irish cop-turned-private-investigator Jack Taylor.,9,2013
s7141,TV Show,Jonathan Strange & Mr Norrell,Toby Haynes,"Eddie Marsan, Bertie Carvel, Marc Warren, Charlotte Riley, Alice Englert, Samuel West, Enzo Cilenti, Paul Kaye, Edward Hogg, Ariyon Bakare",United Kingdom,2016-08-25,2015,TV-14,1 Season,"British TV Shows, TV Dramas, TV Sci-Fi & Fantasy","In 1806, ambitious magician Norrell leads a revival of practical magic in England and ignites a fierce rivalry with bold young conjurer Strange.",10,2016
s7176,TV Show,Ken Burns: The Civil War,Ken Burns,"Sam Waterston, Julie Harris, Jason Robards, Morgan Freeman, Paul Roebling, Garrison Keillor, George Black, David McCullough, Arthur Miller, Christopher Murney, Charles McDowell, Horton Foote, George Plimpton, Philip Bosco, Terry Courier, Jody Powell, Studs Terkel",United States,2017-02-22,1990,TV-14,1 Season,Docuseries,"Ken Burns's documentary depicts the action of famous Civil War battles, and relates the stories of soldiers, generals and a beleaguered president.",35,2017
s7177,TV Show,Ken Burns: The Roosevelts: An Intimate History,Ken Burns,,United States,2017-02-22,2014,TV-PG,1 Season,Docuseries,"Award-winning documentarian Burns profiles three members of one of America's premier political families: Theodore, Franklin and Eleanor Roosevelt.",11,2017
s7210,TV Show,Kingdoms of the Sky,Steve Greenwood,,,2018-10-01,2018,TV-PG,1 Season,"British TV Shows, Docuseries, Science & Nature TV",Meet the astonishing animals and adventurous people living on some of the most spectacular – and formidable – mountain ranges in the world.,7,2018
s7259,TV Show,La Viuda Negra,Alejandro Lozano,"Ana Serradilla, Julián Román, Ramiro Meneses, Juan Pablo Gamboa, Eileen Moreno, Luis Alfredo Velasco, Margarita Reyes, Alexander Gil, Luis Roberto Guzmán, Raúl Méndez","Colombia, Mexico, United States",2019-01-15,2016,TV-14,1 Season,"Crime TV Shows, International TV Shows, Spanish-Language TV Shows","Beautiful and ruthless Griselda Blanco, known as the queen of cocaine, becomes Pablo Escobar's boss and governs a world of deceit and death.",9,2019
s7289,TV Show,Lego Friends: Girls on a Mission,"Andrew Tan, Stephen Murray","Jasmine St. Clair, Allegra Clark, Rosamund Marks, Faye Mata, Kira Buckland, David Roach, Bradley Venable",Denmark,2019-02-01,2018,TV-Y,1 Season,Kids' TV,"Five best friends put their teamwork, wits and courage to the test when they take on a mission to protect Heartlake City from bad people.",7,2019
s7296,TV Show,Leyla and Mecnun,Onur Ünlü,"Ali Atay, Melis Birkan, Serkan Keskin, Ahmet Mümtaz Taylan, Cengiz Bozkurt, Osman Sonant, Köksal Engür, Ege Tanman, İştar Gökseven",Turkey,2017-04-15,2014,TV-MA,3 Seasons,"International TV Shows, Romantic TV Shows, TV Comedies","Destiny brings Mecnun and Leyla together as newborns, and again years later. Despite unexpected turns in Mecnun's zany life, Leyla remains a constant.",11,2017
s7334,TV Show,London Spy,Jakob Verbruggen,"Ben Whishaw, Jim Broadbent, Edward Holcroft, Samantha Spiro, Charlotte Rampling, Lorraine Ashbourne, David Hayman, Clarke Peters, Adrian Lester, Harriet Walter",United Kingdom,2017-03-31,2015,TV-MA,1 Season,"British TV Shows, Crime TV Shows, International TV Shows","When his reclusive-banker lover disappears, a hard-partying young British hedonist plunges into the dangerous world of espionage to find the truth.",10,2017
s7341,TV Show,Los tiempos de Pablo Escobar,Alessandro Angulo,,Colombia,2018-08-01,2012,TV-14,1 Season,"Crime TV Shows, Docuseries, International TV Shows","Featuring never-before-seen images, personal testimonies and more, this is the story of one of the most notorious drug smugglers of all time.",13,2018
s7376,TV Show,Maggie & Bianca: Fashion Friends,Iginio Straffi,"Emanuela Rei, Giorgia Boni, Sergio Ruggeri, Luca Murphy, Federica Corti, Federico Pedroni, Tiffany Zhou, Sergio Melone",Italy,2019-03-31,2017,TV-Y7,1 Season,"Kids' TV, TV Comedies","Originally polar opposites, an American fashion student and the daughter of an industry mogul form an everlasting bond and start a rock band in Milan.",8,2019
s7410,TV Show,Mars,Everardo Gout,"Jihae, Alberto Ammann, Clémentine Poidatz, Anamaria Marinca, Sammi Rotibi, Nicholas Wittman, Cosima Shaw",United States,2019-11-01,2018,TV-PG,2 Seasons,"Docuseries, Science & Nature TV, TV Dramas",Fact meets fiction in this docudrama chronicling the journey of a spacecraft crew as it embarks in 2033 on a mission to colonize the red planet.,7,2019
s7505,TV Show,Monty Don's French Gardens,Rachel Bell,,United Kingdom,2019-07-26,2013,TV-G,1 Season,"British TV Shows, Docuseries, International TV Shows","TV personality Monty Don visits France’s most famous gardens to dig up the influence of power, culture and passion on their conceptions and designs.",12,2019
s7649,TV Show,Oliver Stone's Untold History of the United States,Oliver Stone,Oliver Stone,United States,2016-11-15,2013,TV-PG,1 Season,Docuseries,"This documentary series offers an alternative take on modern American history, focusing on underreported events that shaped the nation's character.",12,2016
s7680,TV Show,Origins Collection,Peter McDonnell,,United States,2018-07-20,2018,TV-PG,3 Seasons,Docuseries,"This documentary series explores the stories behind history's most fascinating innovations, including games, technology, sports, medicine and more.",7,2018
s7744,TV Show,Pioneers of African-American Cinema,"Oscar Micheaux, Spencer Williams, Richard E. Norman, Richard Maurice",,United States,2017-02-01,1946,TV-14,1 Season,TV Shows,This newly preserved collection features more than 20 films made by groundbreaking African American directors for black audiences from 1915 to 1946.,79,2017
s7749,TV Show,Planet Earth: The Complete Collection,Alastair Fothergill,David Attenborough,United Kingdom,2015-04-22,2006,TV-PG,1 Season,"British TV Shows, Docuseries, International TV Shows",This landmark series transports nature lovers from the Himalayan Mountains to the depths of the ocean and everywhere in between.,19,2015
s7796,TV Show,Prince Jai Aur Dumdaar Viru,Bhavik Thakore,,,2020-10-18,2017,TV-Y,1 Season,"Kids' TV, TV Comedies","A prince and a commoner who are best friends keep having to thwart the plots of the prince's scheming, ambitious minister.",8,2020
s7865,TV Show,Revolting Rhymes,"Jani Lachauer, Jakob Schuh","Rob Brydon, Bertie Carvel, Gemma Chan, Dominic West, Isaac Hempstead Wright, Bel Powley, Tamsin Greig, Rose Leslie, David Walliams",United Kingdom,2018-02-01,2017,TV-PG,1 Season,"British TV Shows, Kids' TV",Popular fairy tales take on a darkly comic edge in these short animated films based on a book by Roald Dahl and illustrator Quentin Blake.,8,2018
s7897,TV Show,Royal Pains,Jay Chandrasekhar,"Mark Feuerstein, Paulo Costanzo, Reshma Shetty, Jill Flint, Campbell Scott, Brooke D'Orsay, Dieter Riesle",United States,2017-05-18,2016,TV-PG,8 Seasons,"TV Comedies, TV Dramas",Dr. Hank Lawson unexpectedly gets a career upgrade as a freelance physician treating New York's aristocratic upper crust in their posh Hamptons homes.,9,2017
s7919,TV Show,Sadqay Tumhare,Ehtesham Uddin,"Mahira Khan, Samiya Mumtaz, Adnan Malik, Rehan Sheikh, Sanya Shamshad, Qavi Khan",Pakistan,2016-12-15,2014,TV-PG,1 Season,"International TV Shows, Romantic TV Shows, TV Dramas","An arranged engagement between a village girl and her city cousin shows signs of true love, but an indiscretion decades ago could doom their romance.",11,2016
s8173,TV Show,Th Eena Meena Deeka Chase Comedy Show,Dheeraj Berry,"Sanjay Keni, Priya Raina",India,2018-03-31,2015,TV-Y7,1 Season,"Kids' TV, TV Comedies","A hungry fox and three resourceful, surprisingly formidable birds turn the animal kingdom on its head in this lively animated series.",10,2018
s8208,TV Show,The Beginning of Life: The Series,Estela Renner,,Brazil,2016-11-11,2016,TV-PG,1 Season,"Docuseries, International TV Shows, Science & Nature TV","Using breakthroughs in technology and neuroscience, this series examines how environment affects infants – and how infants can affect our future.",9,2016
s8215,TV Show,The Blue Planet: A Natural History of the Oceans,Alastair Fothergill,David Attenborough,United Kingdom,2015-10-10,2001,TV-G,1 Season,"British TV Shows, Docuseries, International TV Shows","David Attenborough narrates this definitive exploration of the marine world, from the familiar to the unknown, revealing the sea and its communities.",24,2015
s8236,TV Show,The Calling,Bumpy,,India,2019-04-01,2018,TV-MA,1 Season,"International TV Shows, Reality TV","Food-crazed travel junkies journey across India, completing bucket list challenges for a chance to win a once-in-a-lifetime scholarship.",7,2019
s8294,TV Show,The Fear,Michael Samuels,"Peter Mullan, Anastasia Hille, Harry Lloyd, Paul Nicholls, Demosthenes Chrysan, Dragos Bucur, Shaban Arifi, Julia Ragnarsson, Danny Sapani, Nigel Lindsay, Osy Ikhile, Sidney Kean, Lisa McAllister, Catherine Winter, Amarildo Kola, Julius Peter Wells",United Kingdom,2017-03-31,2012,TV-MA,1 Season,"British TV Shows, Crime TV Shows, TV Dramas","Richie Beckett is an aging Brighton crime boss who's struggling with the onset of dementia, just as a rival gang is trying to take over his territory.",13,2017
s8303,TV Show,The Five,Mark Tonderai,"Tom Cullen, O.T. Fagbenle, Lee Ingleby, Sarah Solemani, Hannah Arterton, Geraldine James, Michael Maloney, Rade Serbedzija, Jonathan Kerrigan, Don Warrington, Sophia La Porta",United Kingdom,2017-09-15,2016,TV-MA,1 Season,"British TV Shows, Crime TV Shows, TV Dramas","Twenty years after 5-year-old Jesse disappears near his home, his DNA turns up at the scene of a woman's murder, baffling his family and the police.",9,2017
s8550,TV Show,The Vietnam War: A Film by Ken Burns and Lynn Novick,"Ken Burns, Lynn Novick",,United States,2018-06-20,2017,TV-MA,1 Season,Docuseries,"Ken Burns presents an epic 10-part, 18-hour chronicle of the Vietnam War, featuring the soldiers, protesters, politicians and families that lived it.",8,2018
s8600,TV Show,Toast of London,Michael Cumming,"Matt Berry, Robert Bathurst, Doon Mackichan, Shazad Latif, Tim Downie, Harry Peacock, Tracy Ann Oberman",United Kingdom,2017-09-01,2015,TV-MA,3 Seasons,"British TV Shows, Classic & Cult TV, TV Comedies","After a divorce and fatal career move, a classically trained British stage actor navigates single life with his odd roommate and takes on horrid jobs.",10,2017
